-- -------------------------------------------------------------
-- TablePlus 5.8.2(528)
--
-- https://tableplus.com/
--
-- Database: incubator_saas
-- Generation Time: 2024-01-28 17:58:57.4350
-- -------------------------------------------------------------


/*!40101 SET @OLD_CHARACTER_SET_CLIENT=@@CHARACTER_SET_CLIENT */;
/*!40101 SET @OLD_CHARACTER_SET_RESULTS=@@CHARACTER_SET_RESULTS */;
/*!40101 SET @OLD_COLLATION_CONNECTION=@@COLLATION_CONNECTION */;
/*!40101 SET NAMES utf8mb4 */;
/*!40014 SET @OLD_UNIQUE_CHECKS=@@UNIQUE_CHECKS, UNIQUE_CHECKS=0 */;
/*!40014 SET @OLD_FOREIGN_KEY_CHECKS=@@FOREIGN_KEY_CHECKS, FOREIGN_KEY_CHECKS=0 */;
/*!40101 SET @OLD_SQL_MODE=@@SQL_MODE, SQL_MODE='NO_AUTO_VALUE_ON_ZERO' */;
/*!40111 SET @OLD_SQL_NOTES=@@SQL_NOTES, SQL_NOTES=0 */;


CREATE TABLE `all_timestamps` (
  `id` int unsigned NOT NULL AUTO_INCREMENT,
  `incubator_id` int unsigned NOT NULL,
  `startup_id` int unsigned NOT NULL,
  `email` varchar(255) NOT NULL,
  `time` timestamp NULL DEFAULT CURRENT_TIMESTAMP,
  `type` varchar(255) NOT NULL,
  PRIMARY KEY (`id`),
  KEY `incubator_id` (`incubator_id`),
  KEY `startup_id` (`startup_id`),
  CONSTRAINT `all_timestamps_ibfk_1` FOREIGN KEY (`incubator_id`) REFERENCES `incubators` (`id`),
  CONSTRAINT `all_timestamps_ibfk_2` FOREIGN KEY (`startup_id`) REFERENCES `startups` (`id`)
) ENGINE=InnoDB AUTO_INCREMENT=12 DEFAULT CHARSET=utf8mb4 COLLATE=utf8mb4_0900_ai_ci;

CREATE TABLE `business_updates_answers` (
  `id` int unsigned NOT NULL AUTO_INCREMENT,
  `startup_id` int unsigned NOT NULL,
  `time_period` int unsigned NOT NULL,
  `uid` text NOT NULL,
  `answer` text NOT NULL,
  PRIMARY KEY (`id`),
  KEY `startup_id` (`startup_id`),
  KEY `time_period` (`time_period`),
  CONSTRAINT `business_updates_answers_ibfk_1` FOREIGN KEY (`startup_id`) REFERENCES `startups` (`id`),
  CONSTRAINT `business_updates_answers_ibfk_2` FOREIGN KEY (`time_period`) REFERENCES `time_periods` (`id`)
) ENGINE=InnoDB AUTO_INCREMENT=12 DEFAULT CHARSET=utf8mb4 COLLATE=utf8mb4_0900_ai_ci;

CREATE TABLE `chats` (
  `id` int unsigned NOT NULL AUTO_INCREMENT,
  `incubator_id` int unsigned NOT NULL,
  `startup_id` int unsigned NOT NULL,
  `sender` varchar(255) NOT NULL,
  `message` varchar(255) NOT NULL,
  `time` timestamp NULL DEFAULT CURRENT_TIMESTAMP,
  PRIMARY KEY (`id`),
  KEY `incubator_id` (`incubator_id`),
  KEY `startup_id` (`startup_id`),
  CONSTRAINT `chats_ibfk_1` FOREIGN KEY (`incubator_id`) REFERENCES `incubators` (`id`),
  CONSTRAINT `chats_ibfk_2` FOREIGN KEY (`startup_id`) REFERENCES `startups` (`id`)
) ENGINE=InnoDB AUTO_INCREMENT=122 DEFAULT CHARSET=utf8mb4 COLLATE=utf8mb4_0900_ai_ci;

CREATE TABLE `incubator_founders` (
  `id` int unsigned NOT NULL AUTO_INCREMENT,
  `email` varchar(255) NOT NULL,
  `password` varchar(255) NOT NULL,
  `phone_number` varchar(255) NOT NULL,
  `role` varchar(255) NOT NULL,
  `incubator_id` int unsigned NOT NULL,
  `name` varchar(255) NOT NULL,
  `token` text,
  PRIMARY KEY (`id`),
  KEY `incubator_id` (`incubator_id`),
  CONSTRAINT `incubator_founders_ibfk_1` FOREIGN KEY (`incubator_id`) REFERENCES `incubators` (`id`)
) ENGINE=InnoDB AUTO_INCREMENT=2 DEFAULT CHARSET=utf8mb4 COLLATE=utf8mb4_0900_ai_ci;

CREATE TABLE `incubator_startup` (
  `id` int unsigned NOT NULL AUTO_INCREMENT,
  `incubator_id` int unsigned NOT NULL,
  `startup_id` int unsigned NOT NULL,
  `is_draft` tinyint(1) NOT NULL,
  PRIMARY KEY (`id`),
  KEY `incubator_id` (`incubator_id`),
  KEY `startup_id` (`startup_id`),
  CONSTRAINT `incubator_startup_ibfk_1` FOREIGN KEY (`incubator_id`) REFERENCES `incubators` (`id`),
  CONSTRAINT `incubator_startup_ibfk_2` FOREIGN KEY (`startup_id`) REFERENCES `startups` (`id`)
) ENGINE=InnoDB AUTO_INCREMENT=15 DEFAULT CHARSET=utf8mb4 COLLATE=utf8mb4_0900_ai_ci;

CREATE TABLE `incubators` (
  `id` int unsigned NOT NULL AUTO_INCREMENT,
  `name` varchar(255) NOT NULL,
  `logo` varchar(255) NOT NULL,
  PRIMARY KEY (`id`)
) ENGINE=InnoDB AUTO_INCREMENT=2 DEFAULT CHARSET=utf8mb4 COLLATE=utf8mb4_0900_ai_ci;

CREATE TABLE `mandatory_info_exchange` (
  `id` int unsigned NOT NULL AUTO_INCREMENT,
  `startup_id` int unsigned NOT NULL,
  `mie` text NOT NULL,
  PRIMARY KEY (`id`),
  KEY `startup_id` (`startup_id`),
  CONSTRAINT `mandatory_info_exchange_ibfk_1` FOREIGN KEY (`startup_id`) REFERENCES `startups` (`id`)
) ENGINE=InnoDB AUTO_INCREMENT=4 DEFAULT CHARSET=utf8mb4 COLLATE=utf8mb4_0900_ai_ci;

CREATE TABLE `metric_value_changes` (
  `id` int unsigned NOT NULL AUTO_INCREMENT,
  `metric_value_id` int unsigned NOT NULL,
  `old_value` text NOT NULL,
  `new_value` text NOT NULL,
  `change_date` datetime NOT NULL,
  `changed_by` varchar(255) NOT NULL,
  PRIMARY KEY (`id`),
  KEY `metric_value_id` (`metric_value_id`),
  CONSTRAINT `metric_value_changes_ibfk_1` FOREIGN KEY (`metric_value_id`) REFERENCES `metric_values` (`id`)
) ENGINE=InnoDB AUTO_INCREMENT=119 DEFAULT CHARSET=utf8mb4 COLLATE=utf8mb4_0900_ai_ci;

CREATE TABLE `metric_values` (
  `id` int unsigned NOT NULL AUTO_INCREMENT,
  `startup_id` int unsigned NOT NULL,
  `time_period` int unsigned NOT NULL,
  `month_id` int unsigned NOT NULL,
  `value` text NOT NULL,
  `metric_uid` varchar(255) NOT NULL,
  PRIMARY KEY (`id`),
  KEY `startup_id` (`startup_id`),
  KEY `time_period` (`time_period`),
  KEY `month_id` (`month_id`),
  CONSTRAINT `metric_values_ibfk_1` FOREIGN KEY (`startup_id`) REFERENCES `startups` (`id`),
  CONSTRAINT `metric_values_ibfk_2` FOREIGN KEY (`time_period`) REFERENCES `time_periods` (`id`),
  CONSTRAINT `metric_values_ibfk_3` FOREIGN KEY (`month_id`) REFERENCES `months` (`id`)
) ENGINE=InnoDB AUTO_INCREMENT=127 DEFAULT CHARSET=utf8mb4 COLLATE=utf8mb4_0900_ai_ci;

CREATE TABLE `months` (
  `id` int unsigned NOT NULL AUTO_INCREMENT,
  `month` text NOT NULL,
  PRIMARY KEY (`id`)
) ENGINE=InnoDB AUTO_INCREMENT=13 DEFAULT CHARSET=utf8mb4 COLLATE=utf8mb4_0900_ai_ci;

CREATE TABLE `notif_timestamps` (
  `id` int unsigned NOT NULL AUTO_INCREMENT,
  `email` varchar(255) NOT NULL,
  `time` timestamp NULL DEFAULT CURRENT_TIMESTAMP,
  PRIMARY KEY (`id`)
) ENGINE=InnoDB AUTO_INCREMENT=4 DEFAULT CHARSET=utf8mb4 COLLATE=utf8mb4_0900_ai_ci;

CREATE TABLE `notifications` (
  `id` int unsigned NOT NULL AUTO_INCREMENT,
  `incubator_id` int unsigned NOT NULL,
  `startup_id` int unsigned NOT NULL,
  `sender` varchar(255) NOT NULL,
  `time` timestamp NULL DEFAULT CURRENT_TIMESTAMP,
  `text` varchar(255) NOT NULL,
  `redirect_type` varchar(255) NOT NULL,
  PRIMARY KEY (`id`),
  KEY `incubator_id` (`incubator_id`),
  KEY `startup_id` (`startup_id`),
  CONSTRAINT `notifications_ibfk_1` FOREIGN KEY (`incubator_id`) REFERENCES `incubators` (`id`),
  CONSTRAINT `notifications_ibfk_2` FOREIGN KEY (`startup_id`) REFERENCES `startups` (`id`)
) ENGINE=InnoDB AUTO_INCREMENT=46 DEFAULT CHARSET=utf8mb4 COLLATE=utf8mb4_0900_ai_ci;

CREATE TABLE `questionnaire` (
  `id` int unsigned NOT NULL AUTO_INCREMENT,
  `startup_id` int unsigned NOT NULL,
  `question` varchar(255) NOT NULL,
  `answer` text,
  `question_uid` varchar(255) NOT NULL,
  `meta_data` varchar(255) NOT NULL,
  `answer_type` varchar(255) NOT NULL,
  PRIMARY KEY (`id`)
) ENGINE=InnoDB AUTO_INCREMENT=931 DEFAULT CHARSET=utf8mb4 COLLATE=utf8mb4_0900_ai_ci;

CREATE TABLE `startup_documents` (
  `id` int unsigned NOT NULL AUTO_INCREMENT,
  `startup_id` int unsigned NOT NULL,
  `document_name` varchar(255) NOT NULL,
  `document_size` varchar(255) NOT NULL DEFAULT '',
  `document_format` varchar(255) NOT NULL,
  `is_signature_required` tinyint(1) NOT NULL,
  `is_requested` tinyint(1) NOT NULL,
  `document_url` varchar(255) NOT NULL,
  `is_deleted` tinyint(1) NOT NULL,
  `is_approved` tinyint(1) NOT NULL,
  `is_onboarding` tinyint(1) DEFAULT NULL,
  `status` varchar(255) NOT NULL DEFAULT 'PENDING',
  PRIMARY KEY (`id`),
  KEY `startup_id` (`startup_id`),
  CONSTRAINT `startup_documents_ibfk_1` FOREIGN KEY (`startup_id`) REFERENCES `startups` (`id`)
) ENGINE=InnoDB AUTO_INCREMENT=42 DEFAULT CHARSET=utf8mb4 COLLATE=utf8mb4_0900_ai_ci;

CREATE TABLE `startup_founders` (
  `id` int unsigned NOT NULL AUTO_INCREMENT,
  `email` varchar(255) NOT NULL,
  `password` varchar(255) NOT NULL,
  `phone_number` varchar(255) NOT NULL,
  `role` varchar(255) NOT NULL,
  `designation` varchar(255) NOT NULL,
  `startup_id` int unsigned NOT NULL,
  `name` varchar(255) NOT NULL,
  `token` text,
  PRIMARY KEY (`id`),
  KEY `startup_id` (`startup_id`),
  CONSTRAINT `startup_founders_ibfk_1` FOREIGN KEY (`startup_id`) REFERENCES `startups` (`id`)
) ENGINE=InnoDB AUTO_INCREMENT=25 DEFAULT CHARSET=utf8mb4 COLLATE=utf8mb4_0900_ai_ci;

CREATE TABLE `startups` (
  `id` int unsigned NOT NULL AUTO_INCREMENT,
  `name` varchar(255) NOT NULL,
  `dpiit_number` varchar(255) NOT NULL,
  `industry` varchar(255) NOT NULL,
  `referral_code` varchar(255) NOT NULL,
  `status` varchar(255) NOT NULL DEFAULT 'PENDING',
  `reject_message` varchar(255) NOT NULL DEFAULT '',
  `logo` varchar(255) DEFAULT NULL,
  `created_at` timestamp NULL DEFAULT CURRENT_TIMESTAMP,
  PRIMARY KEY (`id`)
) ENGINE=InnoDB AUTO_INCREMENT=22 DEFAULT CHARSET=utf8mb4 COLLATE=utf8mb4_0900_ai_ci;

CREATE TABLE `time_periods` (
  `id` int unsigned NOT NULL AUTO_INCREMENT,
  `quarter` varchar(255) NOT NULL,
  `fyear` int DEFAULT NULL,
  `months` text NOT NULL,
  `year` int NOT NULL,
  PRIMARY KEY (`id`)
) ENGINE=InnoDB AUTO_INCREMENT=17 DEFAULT CHARSET=utf8mb4 COLLATE=utf8mb4_0900_ai_ci;

INSERT INTO `all_timestamps` (`id`, `incubator_id`, `startup_id`, `email`, `time`, `type`) VALUES
(1, 1, 11, 'lavanya@yopmail.com', '2023-12-04 12:20:38', 'CHAT'),
(2, 1, 14, 'lavanyasf@yopmail.com', '2024-01-28 14:57:54', 'CHAT'),
(6, 1, 14, 'lavanya@yopmail.com', '2024-01-22 21:02:47', 'CHAT'),
(7, 1, 15, 'lavanya@yopmail.com', '2023-12-08 15:46:00', 'CHAT'),
(8, 1, 13, 'lavanya@yopmail.com', '2024-01-27 11:10:47', 'CHAT'),
(9, 1, 10, 'lavanya@yopmail.com', '2023-12-08 15:02:15', 'CHAT'),
(10, 1, 3, 'lavanya@yopmail.com', '2024-01-27 11:10:48', 'CHAT'),
(11, 1, 8, 'lavanya@yopmail.com', '2024-01-27 11:11:08', 'CHAT');

INSERT INTO `business_updates_answers` (`id`, `startup_id`, `time_period`, `uid`, `answer`) VALUES
(1, 9, 1, 'operationalHighlights', 'Operatiobnal Highlights'),
(2, 14, 14, 'operationalHighlights', 'Successfully developed and launched our first clean energy product, the EcoPower Generator.'),
(3, 14, 14, 'milestones', 'Achieve 10 MW of clean energy generation capacity.'),
(4, 14, 14, 'challengesFaced', 'Initial difficulty in securing funding due to the competitive nature of the clean energy industry.'),
(5, 14, 14, 'financialSummary', 'Total Revenue (Year-to-Date): 2.5 million.'),
(6, 14, 14, 'strategicSummary', 'Focus on expanding our product line to include energy storage solutions.'),
(7, 14, 15, 'operationalHighlights', 'Secured partnerships with three major utilities for pilot projects in the renewable energy sector.'),
(8, 14, 15, 'milestones', 'Expand into international markets.'),
(9, 14, 15, 'challengesFaced', 'Technical challenges in optimizing energy production efficiency.'),
(10, 14, 15, 'financialSummary', 'Current Cash Reserves: 3.2 million'),
(11, 14, 15, 'strategicSummary', 'Explore potential mergers and acquisitions to enhance market presence and capabilities.');

INSERT INTO `chats` (`id`, `incubator_id`, `startup_id`, `sender`, `message`, `time`) VALUES
(1, 1, 11, 'amr@yopmail.com', 'Hello Startup 11', '2023-12-01 11:21:21'),
(2, 1, 11, 'lavanya@yopmail.com', 'Hi Incubator', '2023-12-01 10:21:21'),
(3, 1, 14, 'amr@yopmail.com', 'How are you?', '2023-12-01 10:51:21'),
(4, 1, 11, 'lavanya@yopmail.com', 'I am good!', '2023-12-01 11:06:21'),
(5, 1, 14, 'lavanyasf@yopmail.com', 'Hello Startup 14', '2023-12-01 11:21:21'),
(6, 1, 14, 'lavanya@yopmail.com', 'Hi Incubator', '2023-12-01 10:21:21'),
(7, 1, 14, 'lavanyasf@yopmail.com', 'How are you?', '2023-12-01 10:51:21'),
(8, 1, 14, 'lavanya@yopmail.com', 'I am good!', '2023-12-01 11:06:21'),
(9, 1, 14, 'lavanya@yopmail.com', 'How are things going in this quarter?', '2023-12-02 13:45:16'),
(10, 1, 14, 'lavanyasf@yopmail.com', 'Great, How are you?', '2023-12-02 13:45:40'),
(11, 1, 14, 'lavanya@yopmail.com', 'I am good', '2023-12-03 17:29:03'),
(111, 1, 14, 'lavanyasf@yopmail.com', 'Hello Incubator', '2023-12-08 12:35:37'),
(112, 1, 14, 'lavanyasf@yopmail.com', 'When can we meet the next week?', '2023-12-08 12:35:43'),
(113, 1, 14, 'lavanyasf@yopmail.com', 'We are planning for a demo', '2023-12-08 12:35:47'),
(114, 1, 14, 'lavanyasf@yopmail.com', 'Please let us know', '2023-12-08 15:35:23'),
(115, 1, 14, 'lavanya@yopmail.com', 'Sure', '2023-12-08 15:45:34'),
(116, 1, 14, 'lavanya@yopmail.com', 'Let\'s schedule today', '2023-12-08 15:45:38'),
(117, 1, 14, 'lavanyasf@yopmail.com', 'Are you free at 5pm?', '2023-12-08 15:46:14'),
(118, 1, 14, 'lavanyasf@yopmail.com', 'We can have quick call?', '2023-12-08 15:46:18'),
(119, 1, 14, 'lavanya@yopmail.com', 'Hi', '2023-12-08 16:24:01'),
(120, 1, 14, 'lavanyasf@yopmail.com', 'Hi Lavanya', '2024-01-28 14:05:12'),
(121, 1, 14, 'lavanyasf@yopmail.com', 'Can we connect today?', '2024-01-28 14:05:16');

INSERT INTO `incubator_founders` (`id`, `email`, `password`, `phone_number`, `role`, `incubator_id`, `name`, `token`) VALUES
(1, 'lavanya@yopmail.com', '$2a$10$jxq6TS6p2Y/Ss0KxaKr1.uP7AfpG1YNUIyZfGIS94QtBHclfaTCQe', '9121910427', 'incubator_founder', 1, 'lavanya', '{\"tokens\":{\"access_token\":\"ya29.a0AfB_byBWtoglydm2fBdjf_MQQqLoSE-rw_r5eliVO49FW3DlqdRBmgs8EHlGZ3DranmFY705VCBOYLu5Oy_ClcaqHYIbTHBQMwnw9ODATzabXuY-lC9kn-NesbYPhcfp_w7zZOxrC3tZZbIszrRfguVq5X2SIiRO3q71aCgYKAdESARESFQHGX2MiSa-zhkBeQ1cZzTy1_gFtRg0171\",\"refresh_token\":\"1//0gTh2lYpO1iWbCgYIARAAGBASNwF-L9Irtta6jQte9yo5X4JGCPMuK-4v4FJbMpxBZpYn8OLfWdhldFNTCkgRlJyjp0_LYELUCVE\",\"scope\":\"https://www.googleapis.com/auth/calendar.events openid https://www.googleapis.com/auth/userinfo.email\",\"token_type\":\"Bearer\",\"id_token\":\"eyJhbGciOiJSUzI1NiIsImtpZCI6IjQ4YTYzYmM0NzY3Zjg1NTBhNTMyZGM2MzBjZjdlYjQ5ZmYzOTdlN2MiLCJ0eXAiOiJKV1QifQ.eyJpc3MiOiJodHRwczovL2FjY291bnRzLmdvb2dsZS5jb20iLCJhenAiOiI0MzUwNzMxMjA1OTgtcWVnZ2w1cjM0ZmdtZTJhcTJjamhjYzByZHM3ZWNucDIuYXBwcy5nb29nbGV1c2VyY29udGVudC5jb20iLCJhdWQiOiI0MzUwNzMxMjA1OTgtcWVnZ2w1cjM0ZmdtZTJhcTJjamhjYzByZHM3ZWNucDIuYXBwcy5nb29nbGV1c2VyY29udGVudC5jb20iLCJzdWIiOiIxMTE0OTQ3MjcyNDA1NjIxNjI5MDAiLCJlbWFpbCI6ImxhdmFueWFrb25kYS5kZXZlbG9wZXJAZ21haWwuY29tIiwiZW1haWxfdmVyaWZpZWQiOnRydWUsImF0X2hhc2giOiJxekg5TDZTWExkLXp3SmNLYm4zZU13IiwiaWF0IjoxNzA2Mjk0ODYwLCJleHAiOjE3MDYyOTg0NjB9.FZimnRLSXj9mu2EfBKtAYFgmAh06MzDZ0EteYx_SLMTc6TdmEclYK5HOUz_WViDWQv6GB-306pheGEi8YSzyTpO46vwLICNECjGY3AjhKZR2UDvyF_igUTrn9GpWqUS4-iV1NdpUgrvpZQ4FZMdbm3uClwOSp2xdFXqvMJ4GB-UmBtS67YUPtUTwnv2MAP8FNkcslMIA0WjdH1GbKR8Oek4CaI9Zrr7mqROACscaxUwG84nR0k6-a06QuCy6b_Ab-BBU3IQX5a4Af2v7ubptqGDr4KTjcDvaiVx44CemHdV5d65g514Tc5SlEcQn2oHfmd1hd3_GJvVe-aeJoTd3jw\",\"expiry_date\":1706298459927},\"res\":{\"config\":{\"method\":\"POST\",\"url\":\"https://oauth2.googleapis.com/token\",\"data\":\"code=4%2F0AfJohXlKQ4g1K_hHsM3mAiB79oekQvPnVyN98laaRPY6CPUP8Tr4utmgRntpT2UOcyLnWg&client_id=435073120598-qeggl5r34fgme2aq2cjhcc0rds7ecnp2.apps.googleusercontent.com&client_secret=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&redirect_uri=http%3A%2F%2Flocalhost%3A3000&grant_type=authorization_code&code_verifier=\",\"headers\":{\"Content-Type\":\"application/x-www-form-urlencoded\",\"User-Agent\":\"google-api-nodejs-client/9.5.0\",\"x-goog-api-client\":\"gl-node/18.18.0\"},\"body\":\"code=4%2F0AfJohXlKQ4g1K_hHsM3mAiB79oekQvPnVyN98laaRPY6CPUP8Tr4utmgRntpT2UOcyLnWg&client_id=435073120598-qeggl5r34fgme2aq2cjhcc0rds7ecnp2.apps.googleusercontent.com&client_secret=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&redirect_uri=http%3A%2F%2Flocalhost%3A3000&grant_type=authorization_code&code_verifier=\",\"responseType\":\"unknown\"},\"data\":{\"access_token\":\"ya29.a0AfB_byBWtoglydm2fBdjf_MQQqLoSE-rw_r5eliVO49FW3DlqdRBmgs8EHlGZ3DranmFY705VCBOYLu5Oy_ClcaqHYIbTHBQMwnw9ODATzabXuY-lC9kn-NesbYPhcfp_w7zZOxrC3tZZbIszrRfguVq5X2SIiRO3q71aCgYKAdESARESFQHGX2MiSa-zhkBeQ1cZzTy1_gFtRg0171\",\"refresh_token\":\"1//0gTh2lYpO1iWbCgYIARAAGBASNwF-L9Irtta6jQte9yo5X4JGCPMuK-4v4FJbMpxBZpYn8OLfWdhldFNTCkgRlJyjp0_LYELUCVE\",\"scope\":\"https://www.googleapis.com/auth/calendar.events openid https://www.googleapis.com/auth/userinfo.email\",\"token_type\":\"Bearer\",\"id_token\":\"eyJhbGciOiJSUzI1NiIsImtpZCI6IjQ4YTYzYmM0NzY3Zjg1NTBhNTMyZGM2MzBjZjdlYjQ5ZmYzOTdlN2MiLCJ0eXAiOiJKV1QifQ.eyJpc3MiOiJodHRwczovL2FjY291bnRzLmdvb2dsZS5jb20iLCJhenAiOiI0MzUwNzMxMjA1OTgtcWVnZ2w1cjM0ZmdtZTJhcTJjamhjYzByZHM3ZWNucDIuYXBwcy5nb29nbGV1c2VyY29udGVudC5jb20iLCJhdWQiOiI0MzUwNzMxMjA1OTgtcWVnZ2w1cjM0ZmdtZTJhcTJjamhjYzByZHM3ZWNucDIuYXBwcy5nb29nbGV1c2VyY29udGVudC5jb20iLCJzdWIiOiIxMTE0OTQ3MjcyNDA1NjIxNjI5MDAiLCJlbWFpbCI6ImxhdmFueWFrb25kYS5kZXZlbG9wZXJAZ21haWwuY29tIiwiZW1haWxfdmVyaWZpZWQiOnRydWUsImF0X2hhc2giOiJxekg5TDZTWExkLXp3SmNLYm4zZU13IiwiaWF0IjoxNzA2Mjk0ODYwLCJleHAiOjE3MDYyOTg0NjB9.FZimnRLSXj9mu2EfBKtAYFgmAh06MzDZ0EteYx_SLMTc6TdmEclYK5HOUz_WViDWQv6GB-306pheGEi8YSzyTpO46vwLICNECjGY3AjhKZR2UDvyF_igUTrn9GpWqUS4-iV1NdpUgrvpZQ4FZMdbm3uClwOSp2xdFXqvMJ4GB-UmBtS67YUPtUTwnv2MAP8FNkcslMIA0WjdH1GbKR8Oek4CaI9Zrr7mqROACscaxUwG84nR0k6-a06QuCy6b_Ab-BBU3IQX5a4Af2v7ubptqGDr4KTjcDvaiVx44CemHdV5d65g514Tc5SlEcQn2oHfmd1hd3_GJvVe-aeJoTd3jw\",\"expiry_date\":1706298459927},\"headers\":{\"alt-svc\":\"h3=\\\":443\\\"; ma=2592000,h3-29=\\\":443\\\"; ma=2592000\",\"cache-control\":\"no-cache, no-store, max-age=0, must-revalidate\",\"connection\":\"close\",\"content-encoding\":\"gzip\",\"content-type\":\"application/json; charset=utf-8\",\"date\":\"Fri, 26 Jan 2024 18:47:40 GMT\",\"expires\":\"Mon, 01 Jan 1990 00:00:00 GMT\",\"pragma\":\"no-cache\",\"server\":\"scaffolding on HTTPServer2\",\"transfer-encoding\":\"chunked\",\"vary\":\"Origin, X-Origin, Referer\",\"x-content-type-options\":\"nosniff\",\"x-frame-options\":\"SAMEORIGIN\",\"x-xss-protection\":\"0\"},\"status\":200,\"statusText\":\"OK\",\"request\":{\"responseURL\":\"https://oauth2.googleapis.com/token\"}}}');

INSERT INTO `incubator_startup` (`id`, `incubator_id`, `startup_id`, `is_draft`) VALUES
(1, 1, 3, 0),
(2, 1, 8, 0),
(3, 1, 9, 0),
(4, 1, 10, 1),
(5, 1, 11, 0),
(6, 1, 12, 0),
(7, 1, 13, 0),
(8, 1, 14, 0),
(9, 1, 15, 0),
(12, 1, 19, 0);

INSERT INTO `incubators` (`id`, `name`, `logo`) VALUES
(1, 'TechLaunch Innovations', '/Users/lavanya/incubator/api/uploads/21345.png');

INSERT INTO `mandatory_info_exchange` (`id`, `startup_id`, `mie`) VALUES
(1, 9, 'Information'),
(2, 11, 'Mandatory inf'),
(3, 14, 'Data Privacy Policy: All users are required to review and accept our comprehensive data privacy policy during registration, outlining how their data is collected, stored, and used.\n\nUser Profile Information: To create an account, users must provide their full name, email address, and a secure password.\n\nVerification Process: As part of our mandatory information exchange, we verify users\' identities through a two-step verification process using a mobile phone number.\n\nConsent for Data Sharing: Users must explicitly consent to sharing specific information, such as location data or contact information, with other users or third-party services.');

INSERT INTO `metric_value_changes` (`id`, `metric_value_id`, `old_value`, `new_value`, `change_date`, `changed_by`) VALUES
(1, 1, '0.18', '0.2', '2022-01-15 08:32:10', 'lavanyasf@yopmail.com'),
(2, 2, '820', '800', '2022-02-20 14:45:22', 'lavanyasf@yopmail.com'),
(3, 3, '4.1', '4.3', '2022-03-25 09:21:35', 'lavanyasf@yopmail.com'),
(4, 4, '15950', '16000', '2022-04-05 12:58:40', 'lavanyasf@yopmail.com'),
(5, 5, '0.16', '0.18', '2022-05-10 16:37:15', 'lavanyasf@yopmail.com'),
(6, 6, '890', '900', '2022-06-15 11:29:50', 'lavanyasf@yopmail.com'),
(7, 7, '4.5', '4.7', '2022-07-20 08:47:29', 'lavanyasf@yopmail.com'),
(8, 8, '15450', '15500', '2022-08-25 15:12:57', 'lavanyasf@yopmail.com'),
(9, 9, '0.14', '0.15', '2022-09-30 09:03:40', 'lavanyasf@yopmail.com'),
(10, 10, '940', '950', '2022-10-05 10:56:23', 'lavanyasf@yopmail.com'),
(11, 11, '4.8', '4.9', '2022-11-10 13:47:18', 'lavanyasf@yopmail.com'),
(12, 12, '15500', '16000', '2022-12-15 17:22:45', 'lavanyasf@yopmail.com'),
(13, 13, '0.21', '0.22', '2023-01-20 12:38:09', 'lavanyasf@yopmail.com'),
(14, 14, '840', '850', '2023-02-25 09:55:32', 'lavanyasf@yopmail.com'),
(15, 15, '4.4', '4.5', '2023-03-30 14:41:57', 'lavanyasf@yopmail.com'),
(16, 16, '16450', '16500', '2023-04-05 11:27:14', 'lavanyasf@yopmail.com'),
(17, 17, '0.24', '0.25', '2023-05-10 08:19:28', 'lavanyasf@yopmail.com'),
(18, 18, '890', '900', '2023-06-15 14:52:10', 'lavanyasf@yopmail.com'),
(19, 19, '4.7', '4.8', '2023-07-20 10:11:43', 'lavanyasf@yopmail.com'),
(20, 20, '16900', '17000', '2023-08-25 15:36:22', 'lavanyasf@yopmail.com'),
(21, 21, '0.27', '0.28', '2021-10-15 08:32:10', 'lavanyasf@yopmail.com'),
(22, 22, '940', '950', '2021-11-20 14:45:22', 'lavanyasf@yopmail.com'),
(23, 23, '4.9', '5.0', '2021-12-25 09:21:35', 'lavanyasf@yopmail.com'),
(24, 24, '17450', '17500', '2022-01-05 12:58:40', 'lavanyasf@yopmail.com'),
(25, 25, '0.26', '0.27', '2022-02-10 16:37:15', 'lavanyasf@yopmail.com'),
(26, 26, '970', '980', '2022-03-15 11:29:50', 'lavanyasf@yopmail.com'),
(27, 27, '5.1', '5.2', '2022-04-20 08:47:29', 'lavanyasf@yopmail.com'),
(28, 28, '17350', '17400', '2022-05-25 15:12:57', 'lavanyasf@yopmail.com'),
(29, 29, '0.25', '0.26', '2022-06-30 09:03:40', 'lavanyasf@yopmail.com'),
(30, 30, '960', '970', '2022-07-05 10:56:23', 'lavanyasf@yopmail.com'),
(31, 31, '5.0', '5.1', '2022-08-10 13:47:18', 'lavanyasf@yopmail.com'),
(32, 32, '17250', '17300', '2022-09-15 17:22:45', 'lavanyasf@yopmail.com'),
(33, 33, '0.29', '0.30', '2022-10-20 12:38:09', 'lavanyasf@yopmail.com'),
(34, 34, '980', '990', '2022-11-25 09:55:32', 'lavanyasf@yopmail.com'),
(35, 35, '5.3', '5.4', '2022-12-30 14:41:57', 'lavanyasf@yopmail.com'),
(36, 36, '17550', '17600', '2023-01-05 11:27:14', 'lavanyasf@yopmail.com'),
(37, 37, '0.31', '0.32', '2023-02-10 08:19:28', 'lavanyasf@yopmail.com'),
(38, 38, '1010', '1020', '2023-03-15 14:52:10', 'lavanyasf@yopmail.com'),
(39, 39, '5.5', '5.6', '2023-04-20 10:11:43', 'lavanyasf@yopmail.com'),
(40, 40, '17800', '17850', '2023-05-25 15:36:22', 'lavanyasf@yopmail.com'),
(41, 1, '0.199', '0.18', '2022-01-15 08:32:10', 'bhavana@yopmail.com'),
(42, 113, '0.28', '123490', '2023-12-06 22:28:46', 'lavanyasf@yopmail.com'),
(43, 109, '0.28', '0.280', '2023-12-06 22:28:46', 'lavanyasf@yopmail.com'),
(44, 113, '123490', '0.3', '2023-12-06 22:29:49', 'lavanyasf@yopmail.com'),
(45, 109, '0.280', '0.88', '2023-12-06 22:29:49', 'lavanyasf@yopmail.com'),
(46, 117, '0', '0.99', '2023-12-06 22:29:49', 'lavanyasf@yopmail.com'),
(47, 114, '950', '940', '2023-12-06 22:29:49', 'lavanyasf@yopmail.com'),
(48, 110, '950', '957', '2023-12-06 22:29:49', 'lavanyasf@yopmail.com'),
(49, 113, '0.3', '0.38', '2023-12-06 22:31:29', 'lavanyasf@yopmail.com'),
(50, 113, '0.38', '0.37', '2023-12-06 22:32:20', 'lavanyasf@yopmail.com'),
(51, 113, '0.37', '0.3', '2023-12-06 22:33:40', 'lavanyasf@yopmail.com'),
(52, 113, '0.3', '0.30', '2023-12-06 22:34:06', 'lavanyasf@yopmail.com'),
(53, 113, '0.30', '0.30', '2023-12-06 22:34:14', 'lavanyasf@yopmail.com'),
(54, 109, '0.88', '90.88', '2023-12-06 22:34:14', 'lavanyasf@yopmail.com'),
(55, 117, '0.99', '0.99', '2023-12-06 22:34:14', 'lavanyasf@yopmail.com'),
(56, 113, '0.30', '0.30', '2023-12-06 22:35:32', 'lavanyasf@yopmail.com'),
(57, 109, '90.88', '0.88', '2023-12-06 22:35:32', 'lavanyasf@yopmail.com'),
(58, 117, '0.99', '0.99', '2023-12-06 22:35:32', 'lavanyasf@yopmail.com'),
(59, 113, '0.30', '0.30', '2023-12-06 22:35:40', 'lavanyasf@yopmail.com'),
(60, 109, '0.88', '0.86', '2023-12-06 22:35:40', 'lavanyasf@yopmail.com'),
(61, 117, '0.99', '0.99', '2023-12-06 22:35:40', 'lavanyasf@yopmail.com'),
(62, 113, '0.30', '0.30', '2023-12-06 22:36:32', 'lavanyasf@yopmail.com'),
(63, 109, '0.86', '0.86', '2023-12-06 22:36:32', 'lavanyasf@yopmail.com'),
(64, 117, '0.99', '0.99', '2023-12-06 22:36:32', 'lavanyasf@yopmail.com'),
(65, 115, '5.0', '52.0', '2023-12-06 22:36:32', 'lavanyasf@yopmail.com'),
(66, 111, '5.0', '567', '2023-12-06 22:36:32', 'lavanyasf@yopmail.com'),
(67, 118, '', '599', '2023-12-06 22:36:32', 'lavanyasf@yopmail.com'),
(68, 113, '0.30', '0.40', '2023-12-06 22:39:10', 'lavanyasf@yopmail.com'),
(69, 113, '0.40', '0.40', '2023-12-06 22:39:26', 'lavanyasf@yopmail.com'),
(70, 25, '0.18', '0.10', '2023-12-06 22:39:26', 'lavanyasf@yopmail.com'),
(71, 29, '0.20', '0.800', '2023-12-06 22:39:26', 'lavanyasf@yopmail.com'),
(72, 33, '0.23', '0.200', '2023-12-06 22:39:26', 'lavanyasf@yopmail.com'),
(73, 113, '0.40', '0.40', '2023-12-06 22:41:04', 'lavanyasf@yopmail.com'),
(74, 25, '0.10', '0.10', '2023-12-06 22:41:04', 'lavanyasf@yopmail.com'),
(75, 29, '0.800', '0.800', '2023-12-06 22:41:04', 'lavanyasf@yopmail.com'),
(76, 33, '0.200', '0.200', '2023-12-06 22:41:04', 'lavanyasf@yopmail.com'),
(77, 119, '0', '5.0', '2023-12-06 22:41:04', 'lavanyasf@yopmail.com'),
(78, 120, '0', '3.5', '2023-12-06 22:41:04', 'lavanyasf@yopmail.com'),
(79, 121, '0', '4.0', '2023-12-06 22:41:04', 'lavanyasf@yopmail.com'),
(80, 122, '0', '4.5', '2023-12-06 22:41:04', 'lavanyasf@yopmail.com'),
(81, 123, '0', '5.1', '2023-12-06 22:41:04', 'lavanyasf@yopmail.com'),
(82, 124, '0', '3.6', '2023-12-06 22:41:04', 'lavanyasf@yopmail.com'),
(83, 113, '0.40', '0.40', '2023-12-06 22:42:17', 'lavanyasf@yopmail.com'),
(84, 25, '0.10', '0.10', '2023-12-06 22:42:17', 'lavanyasf@yopmail.com'),
(85, 29, '0.800', '0.800', '2023-12-06 22:42:17', 'lavanyasf@yopmail.com'),
(86, 33, '0.200', '0.200', '2023-12-06 22:42:17', 'lavanyasf@yopmail.com'),
(87, 119, '5.0', '5.0', '2023-12-06 22:42:17', 'lavanyasf@yopmail.com'),
(88, 120, '3.5', '3.5', '2023-12-06 22:42:17', 'lavanyasf@yopmail.com'),
(89, 121, '4.0', '4.0', '2023-12-06 22:42:17', 'lavanyasf@yopmail.com'),
(90, 122, '4.5', '4.5', '2023-12-06 22:42:17', 'lavanyasf@yopmail.com'),
(91, 123, '5.1', '5.1', '2023-12-06 22:42:17', 'lavanyasf@yopmail.com'),
(92, 124, '3.6', '3.6', '2023-12-06 22:42:17', 'lavanyasf@yopmail.com'),
(93, 91, '4.8', '0', '2023-12-06 22:42:17', 'lavanyasf@yopmail.com'),
(94, 113, '0.40', '0.40', '2023-12-06 22:42:29', 'lavanyasf@yopmail.com'),
(95, 25, '0.10', '0.10', '2023-12-06 22:42:29', 'lavanyasf@yopmail.com'),
(96, 29, '0.800', '0.800', '2023-12-06 22:42:29', 'lavanyasf@yopmail.com'),
(97, 33, '0.200', '0.200', '2023-12-06 22:42:29', 'lavanyasf@yopmail.com'),
(98, 119, '5.0', '5.0', '2023-12-06 22:42:29', 'lavanyasf@yopmail.com'),
(99, 120, '3.5', '3.5', '2023-12-06 22:42:29', 'lavanyasf@yopmail.com'),
(100, 121, '4.0', '4.0', '2023-12-06 22:42:29', 'lavanyasf@yopmail.com'),
(101, 122, '4.5', '4.5', '2023-12-06 22:42:29', 'lavanyasf@yopmail.com'),
(102, 123, '5.1', '5.1', '2023-12-06 22:42:29', 'lavanyasf@yopmail.com'),
(103, 124, '3.6', '3.6', '2023-12-06 22:42:29', 'lavanyasf@yopmail.com'),
(104, 91, '0', '79', '2023-12-06 22:42:29', 'lavanyasf@yopmail.com'),
(105, 113, '0.40', '0.40', '2023-12-06 22:42:46', 'lavanyasf@yopmail.com'),
(106, 25, '0.10', '0.10', '2023-12-06 22:42:46', 'lavanyasf@yopmail.com'),
(107, 29, '0.800', '0.800', '2023-12-06 22:42:46', 'lavanyasf@yopmail.com'),
(108, 33, '0.200', '0.200', '2023-12-06 22:42:46', 'lavanyasf@yopmail.com'),
(109, 119, '5.0', '5.0', '2023-12-06 22:42:46', 'lavanyasf@yopmail.com'),
(110, 120, '3.5', '3.5', '2023-12-06 22:42:46', 'lavanyasf@yopmail.com'),
(111, 121, '4.0', '4.0', '2023-12-06 22:42:46', 'lavanyasf@yopmail.com'),
(112, 122, '4.5', '4.5', '2023-12-06 22:42:46', 'lavanyasf@yopmail.com'),
(113, 123, '5.1', '5.1', '2023-12-06 22:42:46', 'lavanyasf@yopmail.com'),
(114, 124, '3.6', '3.6', '2023-12-06 22:42:46', 'lavanyasf@yopmail.com'),
(115, 91, '79', '79', '2023-12-06 22:42:46', 'lavanyasf@yopmail.com'),
(116, 125, '0', '900', '2023-12-06 22:42:46', 'lavanyasf@yopmail.com'),
(117, 113, '0.40', '0.47', '2023-12-08 14:46:05', 'lavanyasf@yopmail.com'),
(118, 126, '0', '89', '2024-01-22 21:03:40', 'lavanyasf@yopmail.com');

INSERT INTO `metric_values` (`id`, `startup_id`, `time_period`, `month_id`, `value`, `metric_uid`) VALUES
(1, 14, 1, 1, '0.2', 'metric1'),
(2, 14, 1, 1, '800', 'metric2'),
(3, 14, 1, 1, '4.3', 'metric3'),
(4, 14, 1, 1, '16000', 'metric4'),
(5, 14, 1, 2, '0.18', 'metric1'),
(6, 14, 1, 2, '900', 'metric2'),
(7, 14, 1, 2, '4.7', 'metric3'),
(8, 14, 1, 2, '15500', 'metric4'),
(9, 14, 1, 3, '0.15', 'metric1'),
(10, 14, 1, 3, '950', 'metric2'),
(11, 14, 1, 3, '4.9', 'metric3'),
(12, 14, 1, 3, '16000', 'metric4'),
(13, 14, 2, 4, '0.22', 'metric1'),
(14, 14, 2, 4, '850', 'metric2'),
(15, 14, 2, 4, '4.5', 'metric3'),
(16, 14, 2, 4, '16500', 'metric4'),
(17, 14, 2, 5, '0.25', 'metric1'),
(18, 14, 2, 5, '900', 'metric2'),
(19, 14, 2, 5, '4.8', 'metric3'),
(20, 14, 2, 5, '17000', 'metric4'),
(21, 14, 2, 6, '0.28', 'metric1'),
(22, 14, 2, 6, '950', 'metric2'),
(23, 14, 2, 6, '5.0', 'metric3'),
(24, 14, 2, 6, '17500', 'metric4'),
(25, 14, 3, 7, '0.10', 'metric1'),
(26, 14, 3, 7, '880', 'metric2'),
(27, 14, 3, 7, '4.2', 'metric3'),
(28, 14, 3, 7, '16000', 'metric4'),
(29, 14, 3, 8, '0.800', 'metric1'),
(30, 14, 3, 8, '910', 'metric2'),
(31, 14, 3, 8, '4.4', 'metric3'),
(32, 14, 3, 8, '16500', 'metric4'),
(33, 14, 3, 9, '0.200', 'metric1'),
(34, 14, 3, 9, '930', 'metric2'),
(35, 14, 3, 9, '4.6', 'metric3'),
(36, 14, 3, 9, '17000', 'metric4'),
(37, 14, 4, 10, '0.27', 'metric1'),
(38, 14, 4, 10, '960', 'metric2'),
(39, 14, 4, 10, '5.2', 'metric3'),
(40, 14, 4, 10, '17500', 'metric4'),
(41, 14, 4, 11, '0.29', 'metric1'),
(42, 14, 4, 11, '990', 'metric2'),
(43, 14, 4, 11, '5.4', 'metric3'),
(44, 14, 4, 11, '18000', 'metric4'),
(45, 14, 4, 12, '0.32', 'metric1'),
(46, 14, 4, 12, '1020', 'metric2'),
(47, 14, 4, 12, '5.6', 'metric3'),
(48, 14, 4, 12, '18500', 'metric4'),
(49, 14, 5, 1, '0.29', 'metric1'),
(50, 14, 5, 1, '1000', 'metric2'),
(51, 14, 5, 1, '5.7', 'metric3'),
(52, 14, 5, 1, '19000', 'metric4'),
(53, 14, 5, 2, '0.31', 'metric1'),
(54, 14, 5, 2, '1030', 'metric2'),
(55, 14, 5, 2, '5.9', 'metric3'),
(56, 14, 5, 2, '19500', 'metric4'),
(57, 14, 5, 3, '0.34', 'metric1'),
(58, 14, 5, 3, '1060', 'metric2'),
(59, 14, 5, 3, '6.1', 'metric3'),
(60, 14, 5, 3, '20000', 'metric4'),
(61, 14, 6, 4, '0.27', 'metric1'),
(62, 14, 6, 4, '980', 'metric2'),
(63, 14, 6, 4, '5.3', 'metric3'),
(64, 14, 6, 4, '18000', 'metric4'),
(65, 14, 6, 5, '0.29', 'metric1'),
(66, 14, 6, 5, '1000', 'metric2'),
(67, 14, 6, 5, '5.5', 'metric3'),
(68, 14, 6, 5, '18500', 'metric4'),
(69, 14, 6, 6, '0.32', 'metric1'),
(70, 14, 6, 6, '1030', 'metric2'),
(71, 14, 6, 6, '5.7', 'metric3'),
(72, 14, 6, 6, '19000', 'metric4'),
(73, 14, 7, 7, '0.26', 'metric1'),
(74, 14, 7, 7, '970', 'metric2'),
(75, 14, 7, 7, '5.2', 'metric3'),
(76, 14, 7, 7, '17500', 'metric4'),
(77, 14, 7, 8, '0.28', 'metric1'),
(78, 14, 7, 8, '1000', 'metric2'),
(79, 14, 7, 8, '5.4', 'metric3'),
(80, 14, 7, 8, '18000', 'metric4'),
(81, 14, 7, 9, '0.30', 'metric1'),
(82, 14, 7, 9, '1030', 'metric2'),
(83, 14, 7, 9, '5.6', 'metric3'),
(84, 14, 7, 9, '18500', 'metric4'),
(85, 14, 8, 10, '0.24', 'metric1'),
(86, 14, 8, 10, '950', 'metric2'),
(87, 14, 8, 10, '5.0', 'metric3'),
(88, 14, 8, 10, '17000', 'metric4'),
(89, 14, 8, 11, '0.22', 'metric1'),
(90, 14, 8, 11, '920', 'metric2'),
(91, 14, 8, 11, '79', 'metric3'),
(92, 14, 8, 11, '16500', 'metric4'),
(93, 14, 8, 12, '0.20', 'metric1'),
(94, 14, 8, 12, '890', 'metric2'),
(95, 14, 8, 12, '4.6', 'metric3'),
(96, 14, 8, 12, '16000', 'metric4'),
(97, 14, 12, 10, '0.40', 'metric1'),
(98, 14, 12, 10, '1100', 'metric2'),
(99, 14, 12, 10, '6.0', 'metric3'),
(100, 14, 12, 10, '20000', 'metric4'),
(101, 14, 12, 11, '0.38', 'metric1'),
(102, 14, 12, 11, '1050', 'metric2'),
(103, 14, 12, 11, '5.8', 'metric3'),
(104, 14, 12, 11, '19500', 'metric4'),
(105, 14, 12, 12, '0.36', 'metric1'),
(106, 14, 12, 12, '1000', 'metric2'),
(107, 14, 12, 12, '5.6', 'metric3'),
(108, 14, 12, 12, '19000', 'metric4'),
(109, 14, 15, 11, '0.86', 'metric1'),
(110, 14, 15, 11, '957', 'metric2'),
(111, 14, 15, 11, '567', 'metric3'),
(112, 14, 15, 11, '17500', 'metric4'),
(113, 14, 15, 10, '0.47', 'metric1'),
(114, 14, 15, 10, '940', 'metric2'),
(115, 14, 15, 10, '52.0', 'metric3'),
(116, 14, 15, 10, '17500', 'metric4'),
(117, 14, 15, 12, '0.99', 'metric1'),
(118, 14, 15, 12, '599', 'metric3'),
(119, 14, 14, 7, '5.0', 'metric3'),
(120, 14, 13, 4, '3.5', 'metric3'),
(121, 14, 13, 5, '4.0', 'metric3'),
(122, 14, 13, 6, '4.5', 'metric3'),
(123, 14, 14, 8, '5.1', 'metric3'),
(124, 14, 14, 9, '3.6', 'metric3'),
(125, 14, 13, 4, '900', 'metric2'),
(126, 14, 16, 1, '89', 'metric1');

INSERT INTO `months` (`id`, `month`) VALUES
(1, 'January'),
(2, 'February'),
(3, 'March'),
(4, 'April'),
(5, 'May'),
(6, 'June'),
(7, 'July'),
(8, 'August'),
(9, 'September'),
(10, 'October'),
(11, 'November'),
(12, 'December');

INSERT INTO `notif_timestamps` (`id`, `email`, `time`) VALUES
(1, 'lavanya@yopmail', '2023-12-04 13:12:37'),
(2, 'lavanya@yopmail.com', '2024-01-28 14:14:45'),
(3, 'lavanyasf@yopmail.com', '2024-01-27 16:59:56');

INSERT INTO `notifications` (`id`, `incubator_id`, `startup_id`, `sender`, `time`, `text`, `redirect_type`) VALUES
(1, 1, 14, 'startup', '2023-12-04 13:12:37', 'has successfully submitted the details.', 'GO_TO_STARTUP'),
(2, 1, 14, 'startup', '2023-12-04 22:16:47', 'has successfully submitted the details.', 'GO_TO_STARTUP'),
(3, 1, 14, 'startup', '2023-12-04 22:53:41', 'has added a supplementary document.', 'GO_TO_SUPPLEMENTARY_DOCS'),
(4, 1, 3, 'incubator', '2023-12-06 14:46:22', 'has sent you a Reporting activity reminder', 'REPORTING_ACTIVITY_REMINDER'),
(5, 1, 8, 'incubator', '2023-12-06 14:46:22', 'has sent you a Reporting activity reminder', 'REPORTING_ACTIVITY_REMINDER'),
(6, 1, 13, 'incubator', '2023-12-06 14:46:22', 'has sent you a Reporting activity reminder', 'REPORTING_ACTIVITY_REMINDER'),
(7, 1, 14, 'incubator', '2023-12-06 14:46:22', 'has sent you a Reporting activity reminder', 'REPORTING_ACTIVITY_REMINDER'),
(8, 1, 14, 'incubator', '2023-12-06 15:06:59', 'has sent you a Compliance activity reminder', 'COMPLIANCE_ACTIVITY_REMINDER'),
(9, 1, 14, 'incubator', '2023-12-06 15:07:06', 'added New reqeust', 'CUSTOM_REMINDER'),
(10, 1, 14, 'incubator', '2023-12-06 15:09:07', 'added New request with more information is required', 'CUSTOM_REMINDER'),
(11, 1, 14, 'startup', '2023-12-06 23:07:27', 'has added a supplementary document.', 'GO_TO_SUPPLEMENTARY_DOCS'),
(12, 1, 14, 'startup', '2023-12-06 23:07:45', 'has added a supplementary document.', 'GO_TO_SUPPLEMENTARY_DOCS'),
(13, 1, 10, 'incubator', '2023-12-07 19:16:55', 'has sent you a Reporting activity reminder', 'REPORTING_ACTIVITY_REMINDER'),
(14, 1, 14, 'incubator', '2023-12-08 12:36:13', 'has sent you a Reporting activity reminder', 'REPORTING_ACTIVITY_REMINDER'),
(15, 1, 14, 'incubator', '2023-12-08 12:36:29', 'has sent you a Reporting activity reminder', 'REPORTING_ACTIVITY_REMINDER'),
(16, 1, 14, 'incubator', '2023-12-08 12:36:38', 'has sent you a Compliance activity reminder', 'COMPLIANCE_ACTIVITY_REMINDER'),
(17, 1, 14, 'incubator', '2023-12-08 12:37:05', 'added Asking you to submit MoM of last meeting', 'CUSTOM_REMINDER'),
(18, 1, 14, 'startup', '2023-12-08 12:37:30', 'has added a supplementary document.', 'GO_TO_SUPPLEMENTARY_DOCS'),
(19, 1, 14, 'incubator', '2023-12-08 14:49:45', 'has sent you a Reporting activity reminder', 'REPORTING_ACTIVITY_REMINDER'),
(20, 1, 14, 'incubator', '2023-12-08 14:49:47', 'has sent you a Compliance activity reminder', 'COMPLIANCE_ACTIVITY_REMINDER'),
(21, 1, 14, 'incubator', '2023-12-08 14:49:47', 'has sent you a Reporting activity reminder', 'REPORTING_ACTIVITY_REMINDER'),
(22, 1, 14, 'incubator', '2023-12-08 14:49:48', 'has sent you a Compliance activity reminder', 'COMPLIANCE_ACTIVITY_REMINDER'),
(23, 1, 14, 'incubator', '2023-12-08 15:23:11', 'added Add founder meeting notes', 'CUSTOM_REMINDER'),
(24, 1, 9, 'incubator', '2023-12-08 15:23:11', 'added Add founder meeting notes', 'CUSTOM_REMINDER'),
(25, 1, 8, 'incubator', '2023-12-08 15:23:11', 'added Add founder meeting notes', 'CUSTOM_REMINDER'),
(26, 1, 13, 'incubator', '2023-12-08 15:23:11', 'added Add founder meeting notes', 'CUSTOM_REMINDER'),
(27, 1, 3, 'incubator', '2023-12-08 15:23:11', 'added Add founder meeting notes', 'CUSTOM_REMINDER'),
(28, 1, 11, 'incubator', '2023-12-08 15:23:11', 'added Add founder meeting notes', 'CUSTOM_REMINDER'),
(29, 1, 12, 'incubator', '2023-12-08 15:23:11', 'added Add founder meeting notes', 'CUSTOM_REMINDER'),
(30, 1, 14, 'incubator', '2023-12-08 15:23:47', 'has sent you a Reporting activity reminder', 'REPORTING_ACTIVITY_REMINDER'),
(31, 1, 9, 'incubator', '2023-12-08 15:23:47', 'has sent you a Reporting activity reminder', 'REPORTING_ACTIVITY_REMINDER'),
(32, 1, 8, 'incubator', '2023-12-08 15:23:47', 'has sent you a Reporting activity reminder', 'REPORTING_ACTIVITY_REMINDER'),
(33, 1, 13, 'incubator', '2023-12-08 15:23:47', 'has sent you a Reporting activity reminder', 'REPORTING_ACTIVITY_REMINDER'),
(34, 1, 3, 'incubator', '2023-12-08 15:23:47', 'has sent you a Reporting activity reminder', 'REPORTING_ACTIVITY_REMINDER'),
(35, 1, 11, 'incubator', '2023-12-08 15:23:47', 'has sent you a Reporting activity reminder', 'REPORTING_ACTIVITY_REMINDER'),
(36, 1, 12, 'incubator', '2023-12-08 15:23:47', 'has sent you a Reporting activity reminder', 'REPORTING_ACTIVITY_REMINDER'),
(37, 1, 14, 'startup', '2023-12-08 16:17:31', 'has successfully submitted the details.', 'GO_TO_STARTUP'),
(38, 1, 14, 'incubator', '2023-12-08 16:25:15', 'added Reminder to sumbit mom', 'CUSTOM_REMINDER'),
(40, 1, 14, 'incubator', '2023-12-08 16:25:16', 'has sent you a Reporting activity reminder', 'REPORTING_ACTIVITY_REMINDER'),
(42, 1, 11, 'incubator', '2024-01-22 21:02:11', 'has sent you a Reporting activity reminder', 'REPORTING_ACTIVITY_REMINDER'),
(43, 1, 12, 'incubator', '2024-01-22 21:02:11', 'has sent you a Reporting activity reminder', 'REPORTING_ACTIVITY_REMINDER'),
(44, 1, 11, 'incubator', '2024-01-22 21:02:13', 'has sent you a Compliance activity reminder', 'COMPLIANCE_ACTIVITY_REMINDER'),
(45, 1, 12, 'incubator', '2024-01-22 21:02:13', 'has sent you a Compliance activity reminder', 'COMPLIANCE_ACTIVITY_REMINDER');

INSERT INTO `questionnaire` (`id`, `startup_id`, `question`, `answer`, `question_uid`, `meta_data`, `answer_type`) VALUES
(1, 1, '1. Startup Name as per Incorporation', 'null', 'startupName', 'null', 'text'),
(2, 1, '2. Please provide the company Logo', 'null', 'companyLogo', 'null', 'startup_logo'),
(3, 1, '3. Provide a brief summarized paragraph about your startup', 'null', 'summarizedParagraph', 'null', 'text'),
(4, 1, '4. Registered Address', 'null', 'registeredAddress', 'null', 'text'),
(5, 1, '5. Company Identification Number (CIN)', 'null', 'cin', 'null', 'text'),
(6, 1, '6. Incorporation Date', 'null', 'incorporationDate', 'null', 'date'),
(7, 1, '7. Number of Employees', 'null', 'numEmployees', 'null', 'number'),
(8, 1, 'a. Full-time employees?', 'null', 'fullTimeEmployees', 'null', 'number'),
(9, 1, 'b. Part-time employees?', 'null', 'partTimeEmployees', 'null', 'number'),
(10, 1, '9. Upload Founder Photos', 'null', 'founderPhotos', 'null', 'images'),
(11, 1, '9. Upload Biographies of the Founders', 'null', 'founderBiographies', 'null', 'files'),
(12, 1, '10. LinkedIn Profiles of Founders', 'null', 'founderLinkedInProfiles', 'null', 'text'),
(13, 1, '11. Upload Aadhar Card', 'null', 'aadharCard', 'null', 'file'),
(14, 1, '12. Upload Pan Card', 'null', 'panCard', 'null', 'file'),
(15, 1, '13. If applicable, provide a link to your startup’s mobile application', 'null', 'mobileAppLink', 'null', 'text'),
(16, 1, '14. If applicable, provide a link to your website', 'null', 'websiteLink', 'null', 'text'),
(17, 1, '15. LinkedIn website of Company', 'null', 'linkedinCompanyWebsite', 'null', 'text'),
(18, 1, '16. Elevator pitch - 90 seconds', 'null', 'elevatorPitch', 'null', 'video'),
(19, 1, '17. Stage of the startup', 'null', 'stageOfStartup', '[{\"label\":\"IDEATION\",\"key\":\"IDEATION\"},{\"label\":\"PROTOTYPING\",\"key\":\"PROTOTYPING\"},{\"label\":\"MINIMUM VIABLE PRODUCT (MVP)\",\"key\":\"MVP\"},{\"label\":\"PRODUCT MARKET FIT (PMF)\",\"key\":\"PMF\"}]', 'dropdown'),
(20, 1, '18. Please define the nature of your startup', 'null', 'startupNature', '[{\"label\":\"INNOVATIVE AND SCALABLE\",\"key\":\"IAS\"},{\"label\":\"ONLY INNOVATIVE\",\"key\":\"INNOVATIVE\"},{\"label\":\"ONLY SCALABLE\",\"key\":\"SCALABLE\"}]', 'dropdown'),
(21, 1, '19. What problem does the startup aim to solve?', 'null', 'problemToSolve', 'null', 'text'),
(22, 1, '20. Please explain the value proposition that the startup envisions providing to its customers', 'null', 'valueProposition', 'null', 'text'),
(23, 1, '21. What is the uniqueness of the solution?', 'null', 'uniquenessOfSolution', 'null', 'text'),
(24, 1, '22. Please explain the unique selling points of your startup and its products/services', 'null', 'uniqueSellingPoints', 'null', 'text'),
(25, 1, '23. Please state and explain the target customer segment your startup is focusing on', 'null', 'targetCustomerSegment', 'null', 'text'),
(26, 1, '24. Provide information about your key competitors in the business', 'null', 'keyCompetitors', 'null', 'text'),
(27, 1, '25. How do you plan to scale up your startup in the next three to five years?', 'null', 'startupScaling', 'null', 'text'),
(28, 1, '26. Can you please explain the startup revenue model?', 'null', 'revenueModel', 'null', 'text'),
(29, 1, 'Metric 1', 'null', 'metric1', 'null', 'text'),
(30, 1, 'Metric 2', 'null', 'metric2', 'null', 'text'),
(31, 1, 'Metric 3', 'null', 'metric3', 'null', 'text'),
(32, 1, 'Metric 4', 'null', 'metric4', 'null', 'text'),
(33, 1, '27. Any recognition or rewards received by the startup? (Yes/No) If yes, please explain', 'null', 'recognitionOrRewards', 'null', 'text'),
(34, 1, 'Expense Bracket', 'null', 'expenseBracket', 'null', 'text'),
(35, 1, 'Expense Amount', 'null', 'expenseAmount', 'null', 'number'),
(36, 1, 'Planned Deployment Start Date', 'null', 'deploymentStartDate', 'null', 'date'),
(37, 1, 'Planned Deployment End Date', 'null', 'deploymentEndDate', 'null', 'date'),
(38, 1, '28. Has your startup received any funding? (Yes/No)', 'null', 'fundingReceived', '[{\"label\":\"Yes\",\"key\":\"YES\"},{\"label\":\"No\",\"key\":\"NO\"}]', 'dropdown'),
(39, 1, '29. Please provide funding details relating to the below:', 'null', 'fundingDetailsInfo', 'null', 'text'),
(40, 1, '30. Does the startup have any intellectual property rights? If yes, please explain', 'null', 'ipRights', 'null', 'text'),
(41, 1, 'Please mention your mentor name', 'null', 'customQuestion1', 'null', 'text'),
(42, 1, '', 'null', 'customQuestion2', 'null', 'text'),
(43, 1, '', 'null', 'customQuestion3', 'null', 'text'),
(44, 2, '1. Startup Name as per Incorporation', 'null', 'startupName', 'null', 'text'),
(45, 2, '2. Please provide the company Logo', 'null', 'companyLogo', 'null', 'startup_logo'),
(46, 2, '3. Provide a brief summarized paragraph about your startup', 'null', 'summarizedParagraph', 'null', 'text'),
(47, 2, '4. Registered Address', 'null', 'registeredAddress', 'null', 'text'),
(48, 2, '5. Company Identification Number (CIN)', 'null', 'cin', 'null', 'text'),
(49, 2, '6. Incorporation Date', 'null', 'incorporationDate', 'null', 'date'),
(50, 2, '7. Number of Employees', 'null', 'numEmployees', 'null', 'number'),
(51, 2, 'a. Full-time employees?', 'null', 'fullTimeEmployees', 'null', 'number'),
(52, 2, 'b. Part-time employees?', 'null', 'partTimeEmployees', 'null', 'number'),
(53, 2, '9. Upload Founder Photos', 'null', 'founderPhotos', 'null', 'images'),
(54, 2, '9. Upload Biographies of the Founders', 'null', 'founderBiographies', 'null', 'files'),
(55, 2, '10. LinkedIn Profiles of Founders', 'null', 'founderLinkedInProfiles', 'null', 'text'),
(56, 2, '11. Upload Aadhar Card', 'null', 'aadharCard', 'null', 'file'),
(57, 2, '12. Upload Pan Card', 'null', 'panCard', 'null', 'file'),
(58, 2, '13. If applicable, provide a link to your startup’s mobile application', 'null', 'mobileAppLink', 'null', 'text'),
(59, 2, '14. If applicable, provide a link to your website', 'null', 'websiteLink', 'null', 'text'),
(60, 2, '15. LinkedIn website of Company', 'null', 'linkedinCompanyWebsite', 'null', 'text'),
(61, 2, '16. Elevator pitch - 90 seconds', 'null', 'elevatorPitch', 'null', 'video'),
(62, 2, '17. Stage of the startup', 'null', 'stageOfStartup', '[{\"label\":\"IDEATION\",\"key\":\"IDEATION\"},{\"label\":\"PROTOTYPING\",\"key\":\"PROTOTYPING\"},{\"label\":\"MINIMUM VIABLE PRODUCT (MVP)\",\"key\":\"MVP\"},{\"label\":\"PRODUCT MARKET FIT (PMF)\",\"key\":\"PMF\"}]', 'dropdown'),
(63, 2, '18. Please define the nature of your startup', 'null', 'startupNature', '[{\"label\":\"INNOVATIVE AND SCALABLE\",\"key\":\"IAS\"},{\"label\":\"ONLY INNOVATIVE\",\"key\":\"INNOVATIVE\"},{\"label\":\"ONLY SCALABLE\",\"key\":\"SCALABLE\"}]', 'dropdown'),
(64, 2, '19. What problem does the startup aim to solve?', 'null', 'problemToSolve', 'null', 'text'),
(65, 2, '20. Please explain the value proposition that the startup envisions providing to its customers', 'null', 'valueProposition', 'null', 'text'),
(66, 2, '21. What is the uniqueness of the solution?', 'null', 'uniquenessOfSolution', 'null', 'text'),
(67, 2, '22. Please explain the unique selling points of your startup and its products/services', 'null', 'uniqueSellingPoints', 'null', 'text'),
(68, 2, '23. Please state and explain the target customer segment your startup is focusing on', 'null', 'targetCustomerSegment', 'null', 'text'),
(69, 2, '24. Provide information about your key competitors in the business', 'null', 'keyCompetitors', 'null', 'text'),
(70, 2, '25. How do you plan to scale up your startup in the next three to five years?', 'null', 'startupScaling', 'null', 'text'),
(71, 2, '26. Can you please explain the startup revenue model?', 'null', 'revenueModel', 'null', 'text'),
(72, 2, 'Metric 1', 'null', 'metric1', 'null', 'text'),
(73, 2, 'Metric 2', 'null', 'metric2', 'null', 'text'),
(74, 2, 'Metric 3', 'null', 'metric3', 'null', 'text'),
(75, 2, 'Metric 4', 'null', 'metric4', 'null', 'text'),
(76, 2, '27. Any recognition or rewards received by the startup? (Yes/No) If yes, please explain', 'null', 'recognitionOrRewards', 'null', 'text'),
(77, 2, 'Expense Bracket', 'null', 'expenseBracket', 'null', 'text'),
(78, 2, 'Expense Amount', 'null', 'expenseAmount', 'null', 'number'),
(79, 2, 'Planned Deployment Start Date', 'null', 'deploymentStartDate', 'null', 'date'),
(80, 2, 'Planned Deployment End Date', 'null', 'deploymentEndDate', 'null', 'date'),
(81, 2, '28. Has your startup received any funding? (Yes/No)', 'null', 'fundingReceived', '[{\"label\":\"Yes\",\"key\":\"YES\"},{\"label\":\"No\",\"key\":\"NO\"}]', 'dropdown'),
(82, 2, '29. Please provide funding details relating to the below:', 'null', 'fundingDetailsInfo', 'null', 'text'),
(83, 2, '30. Does the startup have any intellectual property rights? If yes, please explain', 'null', 'ipRights', 'null', 'text'),
(84, 2, 'Please mention your mentor details', 'null', 'customQuestion1', 'null', 'text'),
(85, 2, '', 'null', 'customQuestion2', 'null', 'text'),
(86, 2, '', 'null', 'customQuestion3', 'null', 'text'),
(87, 4, '1. Startup Name as per Incorporation', 'null', 'startupName', 'null', 'text'),
(88, 4, '2. Please provide the company Logo', 'null', 'companyLogo', 'null', 'startup_logo'),
(89, 4, '3. Provide a brief summarized paragraph about your startup', 'null', 'summarizedParagraph', 'null', 'text'),
(90, 4, '4. Registered Address', 'null', 'registeredAddress', 'null', 'text'),
(91, 4, '5. Company Identification Number (CIN)', 'null', 'cin', 'null', 'text'),
(92, 4, '6. Incorporation Date', 'null', 'incorporationDate', 'null', 'date'),
(93, 4, '7. Number of Employees', 'null', 'numEmployees', 'null', 'number'),
(94, 4, 'a. Full-time employees?', 'null', 'fullTimeEmployees', 'null', 'number'),
(95, 4, 'b. Part-time employees?', 'null', 'partTimeEmployees', 'null', 'number'),
(96, 4, '9. Upload Founder Photos', 'null', 'founderPhotos', 'null', 'images'),
(97, 4, '9. Upload Biographies of the Founders', 'null', 'founderBiographies', 'null', 'files'),
(98, 4, '10. LinkedIn Profiles of Founders', 'null', 'founderLinkedInProfiles', 'null', 'text'),
(99, 4, '11. Upload Aadhar Card', 'null', 'aadharCard', 'null', 'file'),
(100, 4, '12. Upload Pan Card', 'null', 'panCard', 'null', 'file'),
(101, 4, '13. If applicable, provide a link to your startup’s mobile application', 'null', 'mobileAppLink', 'null', 'text'),
(102, 4, '14. If applicable, provide a link to your website', 'null', 'websiteLink', 'null', 'text'),
(103, 4, '15. LinkedIn website of Company', 'null', 'linkedinCompanyWebsite', 'null', 'text'),
(104, 4, '16. Elevator pitch - 90 seconds', 'null', 'elevatorPitch', 'null', 'video'),
(105, 4, '17. Stage of the startup', 'null', 'stageOfStartup', '[{\"label\":\"IDEATION\",\"key\":\"IDEATION\"},{\"label\":\"PROTOTYPING\",\"key\":\"PROTOTYPING\"},{\"label\":\"MINIMUM VIABLE PRODUCT (MVP)\",\"key\":\"MVP\"},{\"label\":\"PRODUCT MARKET FIT (PMF)\",\"key\":\"PMF\"}]', 'dropdown'),
(106, 4, '18. Please define the nature of your startup', 'null', 'startupNature', '[{\"label\":\"INNOVATIVE AND SCALABLE\",\"key\":\"IAS\"},{\"label\":\"ONLY INNOVATIVE\",\"key\":\"INNOVATIVE\"},{\"label\":\"ONLY SCALABLE\",\"key\":\"SCALABLE\"}]', 'dropdown'),
(107, 4, '19. What problem does the startup aim to solve?', 'null', 'problemToSolve', 'null', 'text'),
(108, 4, '20. Please explain the value proposition that the startup envisions providing to its customers', 'null', 'valueProposition', 'null', 'text'),
(109, 4, '21. What is the uniqueness of the solution?', 'null', 'uniquenessOfSolution', 'null', 'text'),
(110, 4, '22. Please explain the unique selling points of your startup and its products/services', 'null', 'uniqueSellingPoints', 'null', 'text'),
(111, 4, '23. Please state and explain the target customer segment your startup is focusing on', 'null', 'targetCustomerSegment', 'null', 'text'),
(112, 4, '24. Provide information about your key competitors in the business', 'null', 'keyCompetitors', 'null', 'text'),
(113, 4, '25. How do you plan to scale up your startup in the next three to five years?', 'null', 'startupScaling', 'null', 'text'),
(114, 4, '26. Can you please explain the startup revenue model?', 'null', 'revenueModel', 'null', 'text'),
(115, 4, 'Metric 1', 'null', 'metric1', 'null', 'text'),
(116, 4, 'Metric 2', 'null', 'metric2', 'null', 'text'),
(117, 4, 'Metric 3', 'null', 'metric3', 'null', 'text'),
(118, 4, 'Metric 4', 'null', 'metric4', 'null', 'text'),
(119, 4, '27. Any recognition or rewards received by the startup? (Yes/No) If yes, please explain', 'null', 'recognitionOrRewards', 'null', 'text'),
(120, 4, 'Expense Bracket', 'null', 'expenseBracket', 'null', 'text'),
(121, 4, 'Expense Amount', 'null', 'expenseAmount', 'null', 'number'),
(122, 4, 'Planned Deployment Start Date', 'null', 'deploymentStartDate', 'null', 'date'),
(123, 4, 'Planned Deployment End Date', 'null', 'deploymentEndDate', 'null', 'date'),
(124, 4, '28. Has your startup received any funding? (Yes/No)', 'null', 'fundingReceived', '[{\"label\":\"Yes\",\"key\":\"YES\"},{\"label\":\"No\",\"key\":\"NO\"}]', 'dropdown'),
(125, 4, '29. Please provide funding details relating to the below:', 'null', 'fundingDetailsInfo', 'null', 'text'),
(126, 4, '30. Does the startup have any intellectual property rights? If yes, please explain', 'null', 'ipRights', 'null', 'text'),
(127, 4, 'Please give more details about your mentor', 'null', 'customQuestion1', 'null', 'text'),
(128, 4, '', 'null', 'customQuestion2', 'null', 'text'),
(129, 4, '', 'null', 'customQuestion3', 'null', 'text'),
(130, 5, '1. Startup Name as per Incorporation', 'null', 'startupName', 'null', 'text'),
(131, 5, '2. Please provide the company Logo', 'null', 'companyLogo', 'null', 'startup_logo'),
(132, 5, '3. Provide a brief summarized paragraph about your startup', 'null', 'summarizedParagraph', 'null', 'text'),
(133, 5, '4. Registered Address', 'null', 'registeredAddress', 'null', 'text'),
(134, 5, '5. Company Identification Number (CIN)', 'null', 'cin', 'null', 'text'),
(135, 5, '6. Incorporation Date', 'null', 'incorporationDate', 'null', 'date'),
(136, 5, '7. Number of Employees', 'null', 'numEmployees', 'null', 'number'),
(137, 5, 'a. Full-time employees?', 'null', 'fullTimeEmployees', 'null', 'number'),
(138, 5, 'b. Part-time employees?', 'null', 'partTimeEmployees', 'null', 'number'),
(139, 5, '9. Upload Founder Photos', 'null', 'founderPhotos', 'null', 'images'),
(140, 5, '9. Upload Biographies of the Founders', 'null', 'founderBiographies', 'null', 'files'),
(141, 5, '10. LinkedIn Profiles of Founders', 'null', 'founderLinkedInProfiles', 'null', 'text'),
(142, 5, '11. Upload Aadhar Card', 'null', 'aadharCard', 'null', 'file'),
(143, 5, '12. Upload Pan Card', 'null', 'panCard', 'null', 'file'),
(144, 5, '13. If applicable, provide a link to your startup’s mobile application', 'null', 'mobileAppLink', 'null', 'text'),
(145, 5, '14. If applicable, provide a link to your website', 'null', 'websiteLink', 'null', 'text'),
(146, 5, '15. LinkedIn website of Company', 'null', 'linkedinCompanyWebsite', 'null', 'text'),
(147, 5, '16. Elevator pitch - 90 seconds', 'null', 'elevatorPitch', 'null', 'video'),
(148, 5, '17. Stage of the startup', 'null', 'stageOfStartup', '[{\"label\":\"IDEATION\",\"key\":\"IDEATION\"},{\"label\":\"PROTOTYPING\",\"key\":\"PROTOTYPING\"},{\"label\":\"MINIMUM VIABLE PRODUCT (MVP)\",\"key\":\"MVP\"},{\"label\":\"PRODUCT MARKET FIT (PMF)\",\"key\":\"PMF\"}]', 'dropdown'),
(149, 5, '18. Please define the nature of your startup', 'null', 'startupNature', '[{\"label\":\"INNOVATIVE AND SCALABLE\",\"key\":\"IAS\"},{\"label\":\"ONLY INNOVATIVE\",\"key\":\"INNOVATIVE\"},{\"label\":\"ONLY SCALABLE\",\"key\":\"SCALABLE\"}]', 'dropdown'),
(150, 5, '19. What problem does the startup aim to solve?', 'null', 'problemToSolve', 'null', 'text'),
(151, 5, '20. Please explain the value proposition that the startup envisions providing to its customers', 'null', 'valueProposition', 'null', 'text'),
(152, 5, '21. What is the uniqueness of the solution?', 'null', 'uniquenessOfSolution', 'null', 'text'),
(153, 5, '22. Please explain the unique selling points of your startup and its products/services', 'null', 'uniqueSellingPoints', 'null', 'text'),
(154, 5, '23. Please state and explain the target customer segment your startup is focusing on', 'null', 'targetCustomerSegment', 'null', 'text'),
(155, 5, '24. Provide information about your key competitors in the business', 'null', 'keyCompetitors', 'null', 'text'),
(156, 5, '25. How do you plan to scale up your startup in the next three to five years?', 'null', 'startupScaling', 'null', 'text'),
(157, 5, '26. Can you please explain the startup revenue model?', 'null', 'revenueModel', 'null', 'text'),
(158, 5, 'Metric 1', 'null', 'metric1', 'null', 'text'),
(159, 5, 'Metric 2', 'null', 'metric2', 'null', 'text'),
(160, 5, 'Metric 3', 'null', 'metric3', 'null', 'text'),
(161, 5, 'Metric 4', 'null', 'metric4', 'null', 'text'),
(162, 5, '27. Any recognition or rewards received by the startup? (Yes/No) If yes, please explain', 'null', 'recognitionOrRewards', 'null', 'text'),
(163, 5, 'Expense Bracket', 'null', 'expenseBracket', 'null', 'text'),
(164, 5, 'Expense Amount', 'null', 'expenseAmount', 'null', 'number'),
(165, 5, 'Planned Deployment Start Date', 'null', 'deploymentStartDate', 'null', 'date'),
(166, 5, 'Planned Deployment End Date', 'null', 'deploymentEndDate', 'null', 'date'),
(167, 5, '28. Has your startup received any funding? (Yes/No)', 'null', 'fundingReceived', '[{\"label\":\"Yes\",\"key\":\"YES\"},{\"label\":\"No\",\"key\":\"NO\"}]', 'dropdown'),
(168, 5, '29. Please provide funding details relating to the below:', 'null', 'fundingDetailsInfo', 'null', 'text'),
(169, 5, '30. Does the startup have any intellectual property rights? If yes, please explain', 'null', 'ipRights', 'null', 'text'),
(170, 5, 'Please give more details about your mentor', 'null', 'customQuestion1', 'null', 'text'),
(171, 5, '', 'null', 'customQuestion2', 'null', 'text'),
(172, 5, '', 'null', 'customQuestion3', 'null', 'text'),
(173, 6, '1. Startup Name as per Incorporation', 'null', 'startupName', 'null', 'text'),
(174, 6, '2. Please provide the company Logo', 'null', 'companyLogo', 'null', 'startup_logo'),
(175, 6, '3. Provide a brief summarized paragraph about your startup', 'null', 'summarizedParagraph', 'null', 'text'),
(176, 6, '4. Registered Address', 'null', 'registeredAddress', 'null', 'text'),
(177, 6, '5. Company Identification Number (CIN)', 'null', 'cin', 'null', 'text'),
(178, 6, '6. Incorporation Date', 'null', 'incorporationDate', 'null', 'date'),
(179, 6, '7. Number of Employees', 'null', 'numEmployees', 'null', 'number'),
(180, 6, 'a. Full-time employees?', 'null', 'fullTimeEmployees', 'null', 'number'),
(181, 6, 'b. Part-time employees?', 'null', 'partTimeEmployees', 'null', 'number'),
(182, 6, '9. Upload Founder Photos', 'null', 'founderPhotos', 'null', 'images'),
(183, 6, '9. Upload Biographies of the Founders', 'null', 'founderBiographies', 'null', 'files'),
(184, 6, '10. LinkedIn Profiles of Founders', 'null', 'founderLinkedInProfiles', 'null', 'text'),
(185, 6, '11. Upload Aadhar Card', 'null', 'aadharCard', 'null', 'file'),
(186, 6, '12. Upload Pan Card', 'null', 'panCard', 'null', 'file'),
(187, 6, '13. If applicable, provide a link to your startup’s mobile application', 'null', 'mobileAppLink', 'null', 'text'),
(188, 6, '14. If applicable, provide a link to your website', 'null', 'websiteLink', 'null', 'text'),
(189, 6, '15. LinkedIn website of Company', 'null', 'linkedinCompanyWebsite', 'null', 'text'),
(190, 6, '16. Elevator pitch - 90 seconds', 'null', 'elevatorPitch', 'null', 'video'),
(191, 6, '17. Stage of the startup', 'null', 'stageOfStartup', '[{\"label\":\"IDEATION\",\"key\":\"IDEATION\"},{\"label\":\"PROTOTYPING\",\"key\":\"PROTOTYPING\"},{\"label\":\"MINIMUM VIABLE PRODUCT (MVP)\",\"key\":\"MVP\"},{\"label\":\"PRODUCT MARKET FIT (PMF)\",\"key\":\"PMF\"}]', 'dropdown'),
(192, 6, '18. Please define the nature of your startup', 'null', 'startupNature', '[{\"label\":\"INNOVATIVE AND SCALABLE\",\"key\":\"IAS\"},{\"label\":\"ONLY INNOVATIVE\",\"key\":\"INNOVATIVE\"},{\"label\":\"ONLY SCALABLE\",\"key\":\"SCALABLE\"}]', 'dropdown'),
(193, 6, '19. What problem does the startup aim to solve?', 'null', 'problemToSolve', 'null', 'text'),
(194, 6, '20. Please explain the value proposition that the startup envisions providing to its customers', 'null', 'valueProposition', 'null', 'text'),
(195, 6, '21. What is the uniqueness of the solution?', 'null', 'uniquenessOfSolution', 'null', 'text'),
(196, 6, '22. Please explain the unique selling points of your startup and its products/services', 'null', 'uniqueSellingPoints', 'null', 'text'),
(197, 6, '23. Please state and explain the target customer segment your startup is focusing on', 'null', 'targetCustomerSegment', 'null', 'text'),
(198, 6, '24. Provide information about your key competitors in the business', 'null', 'keyCompetitors', 'null', 'text'),
(199, 6, '25. How do you plan to scale up your startup in the next three to five years?', 'null', 'startupScaling', 'null', 'text'),
(200, 6, '26. Can you please explain the startup revenue model?', 'null', 'revenueModel', 'null', 'text'),
(201, 6, 'Metric 1', 'null', 'metric1', 'null', 'text'),
(202, 6, 'Metric 2', 'null', 'metric2', 'null', 'text'),
(203, 6, 'Metric 3', 'null', 'metric3', 'null', 'text'),
(204, 6, 'Metric 4', 'null', 'metric4', 'null', 'text'),
(205, 6, '27. Any recognition or rewards received by the startup? (Yes/No) If yes, please explain', 'null', 'recognitionOrRewards', 'null', 'text'),
(206, 6, 'Expense Bracket', 'null', 'expenseBracket', 'null', 'text'),
(207, 6, 'Expense Amount', 'null', 'expenseAmount', 'null', 'number'),
(208, 6, 'Planned Deployment Start Date', 'null', 'deploymentStartDate', 'null', 'date'),
(209, 6, 'Planned Deployment End Date', 'null', 'deploymentEndDate', 'null', 'date'),
(210, 6, '28. Has your startup received any funding? (Yes/No)', 'null', 'fundingReceived', '[{\"label\":\"Yes\",\"key\":\"YES\"},{\"label\":\"No\",\"key\":\"NO\"}]', 'dropdown'),
(211, 6, '29. Please provide funding details relating to the below:', 'null', 'fundingDetailsInfo', 'null', 'text'),
(212, 6, '30. Does the startup have any intellectual property rights? If yes, please explain', 'null', 'ipRights', 'null', 'text'),
(213, 6, 'Please give more details about your mentor', 'null', 'customQuestion1', 'null', 'text'),
(214, 6, '', 'null', 'customQuestion2', 'null', 'text'),
(215, 6, '', 'null', 'customQuestion3', 'null', 'text'),
(216, 7, '1. Startup Name as per Incorporation', 'null', 'startupName', 'null', 'text'),
(217, 7, '2. Please provide the company Logo', 'null', 'companyLogo', 'null', 'startup_logo'),
(218, 7, '3. Provide a brief summarized paragraph about your startup', 'null', 'summarizedParagraph', 'null', 'text'),
(219, 7, '4. Registered Address', 'null', 'registeredAddress', 'null', 'text'),
(220, 7, '5. Company Identification Number (CIN)', 'null', 'cin', 'null', 'text'),
(221, 7, '6. Incorporation Date', 'null', 'incorporationDate', 'null', 'date'),
(222, 7, '7. Number of Employees', 'null', 'numEmployees', 'null', 'number'),
(223, 7, 'a. Full-time employees?', 'null', 'fullTimeEmployees', 'null', 'number'),
(224, 7, 'b. Part-time employees?', 'null', 'partTimeEmployees', 'null', 'number'),
(225, 7, '9. Upload Founder Photos', 'null', 'founderPhotos', 'null', 'images'),
(226, 7, '9. Upload Biographies of the Founders', 'null', 'founderBiographies', 'null', 'files'),
(227, 7, '10. LinkedIn Profiles of Founders', 'null', 'founderLinkedInProfiles', 'null', 'text'),
(228, 7, '11. Upload Aadhar Card', 'null', 'aadharCard', 'null', 'file'),
(229, 7, '12. Upload Pan Card', 'null', 'panCard', 'null', 'file'),
(230, 7, '13. If applicable, provide a link to your startup’s mobile application', 'null', 'mobileAppLink', 'null', 'text'),
(231, 7, '14. If applicable, provide a link to your website', 'null', 'websiteLink', 'null', 'text'),
(232, 7, '15. LinkedIn website of Company', 'null', 'linkedinCompanyWebsite', 'null', 'text'),
(233, 7, '16. Elevator pitch - 90 seconds', 'null', 'elevatorPitch', 'null', 'video'),
(234, 7, '17. Stage of the startup', 'null', 'stageOfStartup', '[{\"label\":\"IDEATION\",\"key\":\"IDEATION\"},{\"label\":\"PROTOTYPING\",\"key\":\"PROTOTYPING\"},{\"label\":\"MINIMUM VIABLE PRODUCT (MVP)\",\"key\":\"MVP\"},{\"label\":\"PRODUCT MARKET FIT (PMF)\",\"key\":\"PMF\"}]', 'dropdown'),
(235, 7, '18. Please define the nature of your startup', 'null', 'startupNature', '[{\"label\":\"INNOVATIVE AND SCALABLE\",\"key\":\"IAS\"},{\"label\":\"ONLY INNOVATIVE\",\"key\":\"INNOVATIVE\"},{\"label\":\"ONLY SCALABLE\",\"key\":\"SCALABLE\"}]', 'dropdown'),
(236, 7, '19. What problem does the startup aim to solve?', 'null', 'problemToSolve', 'null', 'text'),
(237, 7, '20. Please explain the value proposition that the startup envisions providing to its customers', 'null', 'valueProposition', 'null', 'text'),
(238, 7, '21. What is the uniqueness of the solution?', 'null', 'uniquenessOfSolution', 'null', 'text'),
(239, 7, '22. Please explain the unique selling points of your startup and its products/services', 'null', 'uniqueSellingPoints', 'null', 'text'),
(240, 7, '23. Please state and explain the target customer segment your startup is focusing on', 'null', 'targetCustomerSegment', 'null', 'text'),
(241, 7, '24. Provide information about your key competitors in the business', 'null', 'keyCompetitors', 'null', 'text'),
(242, 7, '25. How do you plan to scale up your startup in the next three to five years?', 'null', 'startupScaling', 'null', 'text'),
(243, 7, '26. Can you please explain the startup revenue model?', 'null', 'revenueModel', 'null', 'text'),
(244, 7, 'Metric 1', 'null', 'metric1', 'null', 'text'),
(245, 7, 'Metric 2', 'null', 'metric2', 'null', 'text'),
(246, 7, 'Metric 3', 'null', 'metric3', 'null', 'text'),
(247, 7, 'Metric 4', 'null', 'metric4', 'null', 'text'),
(248, 7, '27. Any recognition or rewards received by the startup? (Yes/No) If yes, please explain', 'null', 'recognitionOrRewards', 'null', 'text'),
(249, 7, 'Expense Bracket', 'null', 'expenseBracket', 'null', 'text'),
(250, 7, 'Expense Amount', 'null', 'expenseAmount', 'null', 'number'),
(251, 7, 'Planned Deployment Start Date', 'null', 'deploymentStartDate', 'null', 'date'),
(252, 7, 'Planned Deployment End Date', 'null', 'deploymentEndDate', 'null', 'date'),
(253, 7, '28. Has your startup received any funding? (Yes/No)', 'null', 'fundingReceived', '[{\"label\":\"Yes\",\"key\":\"YES\"},{\"label\":\"No\",\"key\":\"NO\"}]', 'dropdown'),
(254, 7, '29. Please provide funding details relating to the below:', 'null', 'fundingDetailsInfo', 'null', 'text'),
(255, 7, '30. Does the startup have any intellectual property rights? If yes, please explain', 'null', 'ipRights', 'null', 'text'),
(256, 7, 'Please give more details about your mentor', 'null', 'customQuestion1', 'null', 'text'),
(257, 7, '', 'null', 'customQuestion2', 'null', 'text'),
(258, 7, '', 'null', 'customQuestion3', 'null', 'text'),
(259, 8, '1. Startup Name as per Incorporation', 'null', 'startupName', 'null', 'text'),
(260, 8, '2. Please provide the company Logo', 'null', 'companyLogo', 'null', 'startup_logo'),
(261, 8, '3. Provide a brief summarized paragraph about your startup', 'null', 'summarizedParagraph', 'null', 'text'),
(262, 8, '4. Registered Address', 'null', 'registeredAddress', 'null', 'text'),
(263, 8, '5. Company Identification Number (CIN)', 'null', 'cin', 'null', 'text'),
(264, 8, '6. Incorporation Date', 'null', 'incorporationDate', 'null', 'date'),
(265, 8, '7. Number of Employees', 'null', 'numEmployees', 'null', 'number'),
(266, 8, 'a. Full-time employees?', 'null', 'fullTimeEmployees', 'null', 'number'),
(267, 8, 'b. Part-time employees?', 'null', 'partTimeEmployees', 'null', 'number'),
(268, 8, '9. Upload Founder Photos', 'null', 'founderPhotos', 'null', 'images'),
(269, 8, '9. Upload Biographies of the Founders', 'null', 'founderBiographies', 'null', 'files'),
(270, 8, '10. LinkedIn Profiles of Founders', 'null', 'founderLinkedInProfiles', 'null', 'text'),
(271, 8, '11. Upload Aadhar Card', 'null', 'aadharCard', 'null', 'file'),
(272, 8, '12. Upload Pan Card', 'null', 'panCard', 'null', 'file'),
(273, 8, '13. If applicable, provide a link to your startup’s mobile application', 'null', 'mobileAppLink', 'null', 'text'),
(274, 8, '14. If applicable, provide a link to your website', 'null', 'websiteLink', 'null', 'text'),
(275, 8, '15. LinkedIn website of Company', 'null', 'linkedinCompanyWebsite', 'null', 'text'),
(276, 8, '16. Elevator pitch - 90 seconds', 'null', 'elevatorPitch', 'null', 'video'),
(277, 8, '17. Stage of the startup', 'null', 'stageOfStartup', '[{\"label\":\"IDEATION\",\"key\":\"IDEATION\"},{\"label\":\"PROTOTYPING\",\"key\":\"PROTOTYPING\"},{\"label\":\"MINIMUM VIABLE PRODUCT (MVP)\",\"key\":\"MVP\"},{\"label\":\"PRODUCT MARKET FIT (PMF)\",\"key\":\"PMF\"}]', 'dropdown'),
(278, 8, '18. Please define the nature of your startup', 'null', 'startupNature', '[{\"label\":\"INNOVATIVE AND SCALABLE\",\"key\":\"IAS\"},{\"label\":\"ONLY INNOVATIVE\",\"key\":\"INNOVATIVE\"},{\"label\":\"ONLY SCALABLE\",\"key\":\"SCALABLE\"}]', 'dropdown'),
(279, 8, '19. What problem does the startup aim to solve?', 'null', 'problemToSolve', 'null', 'text'),
(280, 8, '20. Please explain the value proposition that the startup envisions providing to its customers', 'null', 'valueProposition', 'null', 'text'),
(281, 8, '21. What is the uniqueness of the solution?', 'null', 'uniquenessOfSolution', 'null', 'text'),
(282, 8, '22. Please explain the unique selling points of your startup and its products/services', 'null', 'uniqueSellingPoints', 'null', 'text'),
(283, 8, '23. Please state and explain the target customer segment your startup is focusing on', 'null', 'targetCustomerSegment', 'null', 'text'),
(284, 8, '24. Provide information about your key competitors in the business', 'null', 'keyCompetitors', 'null', 'text'),
(285, 8, '25. How do you plan to scale up your startup in the next three to five years?', 'null', 'startupScaling', 'null', 'text'),
(286, 8, '26. Can you please explain the startup revenue model?', 'null', 'revenueModel', 'null', 'text'),
(287, 8, 'Metric 1', 'null', 'metric1', 'null', 'text'),
(288, 8, 'Metric 2', 'null', 'metric2', 'null', 'text'),
(289, 8, 'Metric 3', 'null', 'metric3', 'null', 'text'),
(290, 8, 'Metric 4', 'null', 'metric4', 'null', 'text'),
(291, 8, '27. Any recognition or rewards received by the startup? (Yes/No) If yes, please explain', 'null', 'recognitionOrRewards', 'null', 'text'),
(292, 8, 'Expense Bracket', 'null', 'expenseBracket', 'null', 'text'),
(293, 8, 'Expense Amount', 'null', 'expenseAmount', 'null', 'number'),
(294, 8, 'Planned Deployment Start Date', 'null', 'deploymentStartDate', 'null', 'date'),
(295, 8, 'Planned Deployment End Date', 'null', 'deploymentEndDate', 'null', 'date'),
(296, 8, '28. Has your startup received any funding? (Yes/No)', 'null', 'fundingReceived', '[{\"label\":\"Yes\",\"key\":\"YES\"},{\"label\":\"No\",\"key\":\"NO\"}]', 'dropdown'),
(297, 8, '29. Please provide funding details relating to the below:', 'null', 'fundingDetailsInfo', 'null', 'text'),
(298, 8, '30. Does the startup have any intellectual property rights? If yes, please explain', 'null', 'ipRights', 'null', 'text'),
(299, 8, 'Please give more details about your mentor', 'null', 'customQuestion1', 'null', 'text'),
(300, 8, '', 'null', 'customQuestion2', 'null', 'text'),
(301, 8, '', 'null', 'customQuestion3', 'null', 'text'),
(302, 8, 'i) Amount Raised', 'null', 'amountRaised', 'null', 'number'),
(303, 8, 'ii) Date of Raise', 'null', 'dateOfRaise', 'null', 'date'),
(304, 8, 'iii) % Stake Diluted', 'null', 'stakeDiluted', 'null', 'number'),
(305, 8, 'iv) Investor Information', 'null', 'investorInfo', 'null', 'text'),
(306, 8, 'v) Valuation [pre money]', 'null', 'valuation', 'null', 'number'),
(307, 9, '1. Startup Name as per Incorporation', '\"Sast \"', 'startupName', 'null', 'text'),
(308, 9, '2. Please provide the company Logo', '[{\"name\":\"3.jpeg\",\"url\":\"/Users/lavanya/incubator/api/uploads/file-1696419276136-534003104.jpeg\"}]', 'companyLogo', 'null', 'startup_logo'),
(309, 9, '3. Provide a brief summarized paragraph about your startup', '\"f you\'re looking for random paragraphs, you\'ve come to the right place. When a random word or a random sentence isn\'t quite enough, the next logical step is to find a random paragraph. We created the Random Paragraph Generator with you in mind. The process is quite simple. Choose the number of random paragraphs you\'d like to see and click the button. Your chosen number of paragraphs will instantly appear.\"', 'summarizedParagraph', 'null', 'text'),
(310, 9, '4. Registered Address', '\"f you\'re looking for random paragraphs, you\'ve come to the right place. When a random word or a random sentence isn\'t quite enough, the next logical step is to find a random paragraph. We created the Random Paragraph Generator with you in mind. The process is quite simple. Choose the number of random paragraphs you\'d like to see and click the button. Your chosen number of paragraphs will instantly appear.\"', 'registeredAddress', 'null', 'text'),
(311, 9, '5. Company Identification Number (CIN)', '\"RTYUI1\"', 'cin', 'null', 'text'),
(312, 9, '6. Incorporation Date', '\"2023-10-10\"', 'incorporationDate', 'null', 'date'),
(313, 9, '7. Number of Employees', '\"20\"', 'numEmployees', 'null', 'number'),
(314, 9, 'a. Full-time employees?', '\"20\"', 'fullTimeEmployees', 'null', 'number'),
(315, 9, 'b. Part-time employees?', '\"14\"', 'partTimeEmployees', 'null', 'number'),
(316, 9, '9. Upload Founder Photos', '[{\"name\":\"4.png\",\"url\":\"/Users/lavanya/incubator/api/uploads/file-1696419291139-472390547.png\"}]', 'founderPhotos', 'null', 'images'),
(317, 9, '9. Upload Biographies of the Founders', '[{\"name\":\"file-sample_100kB.doc\",\"url\":\"/Users/lavanya/incubator/api/uploads/file-1696419293996-46145515.doc\"}]', 'founderBiographies', 'null', 'files'),
(318, 9, '10. LinkedIn Profiles of Founders', '\"https://www.youtube.com/\"', 'founderLinkedInProfiles', 'null', 'text'),
(319, 9, '11. Upload Aadhar Card', '[{\"name\":\"file-sample_1MB.doc\",\"url\":\"/Users/lavanya/incubator/api/uploads/file-1696419302851-323201791.doc\"}]', 'aadharCard', 'null', 'file'),
(320, 9, '12. Upload Pan Card', '[{\"name\":\"How-to-open-pdf-forms-in-chrome.pdf\",\"url\":\"/Users/lavanya/incubator/api/uploads/file-1696419306512-206620744.pdf\"}]', 'panCard', 'null', 'file'),
(321, 9, '13. If applicable, provide a link to your startup’s mobile application', '\"If you\'re looking for random paragraphs, you\'ve come to the right place. When a random word or a random sentence isn\'t quite enough, the next logical step is to find a random paragraph. We created the Random Paragraph Generator with you in mind. The process is quite simple. Choose the number of random paragraphs you\'d like to see and click the button. Your chosen number of paragraphs will instantly appear\"', 'mobileAppLink', 'null', 'text'),
(322, 9, '14. If applicable, provide a link to your website', '\"If you\'re looking for random paragraphs, you\'ve come to the right place. When a random word or a random sentence isn\'t quite enough, the next logical step is to find a random paragraph. We created the Random Paragraph Generator with you in mind. The process is quite simple. Choose the number of random paragraphs you\'d like to see and click the button. Your chosen number of paragraphs will instantly appear\"', 'websiteLink', 'null', 'text'),
(323, 9, '15. LinkedIn website of Company', '\"If you\'re looking for random paragraphs, you\'ve come to the right place. When a random word or a random sentence isn\'t quite enough, the next logical step is to find a random paragraph. We created the Random Paragraph Generator with you in mind. The process is quite simple. Choose the number of random paragraphs you\'d like to see and click the button. Your chosen number of paragraphs will instantly appear\"', 'linkedinCompanyWebsite', 'null', 'text'),
(324, 9, '16. Elevator pitch - 90 seconds', '[{\"name\":\"pexels-mart-production-7565439 (Original).mp4\",\"url\":\"/Users/lavanya/incubator/api/uploads/file-1696419325551-780447439.mp4\"}]', 'elevatorPitch', 'null', 'video'),
(325, 9, '17. Stage of the startup', '\"PROTOTYPING\"', 'stageOfStartup', '[{\"label\":\"IDEATION\",\"key\":\"IDEATION\"},{\"label\":\"PROTOTYPING\",\"key\":\"PROTOTYPING\"},{\"label\":\"MINIMUM VIABLE PRODUCT (MVP)\",\"key\":\"MVP\"},{\"label\":\"PRODUCT MARKET FIT (PMF)\",\"key\":\"PMF\"}]', 'dropdown'),
(326, 9, '18. Please define the nature of your startup', '\"INNOVATIVE\"', 'startupNature', '[{\"label\":\"INNOVATIVE AND SCALABLE\",\"key\":\"IAS\"},{\"label\":\"ONLY INNOVATIVE\",\"key\":\"INNOVATIVE\"},{\"label\":\"ONLY SCALABLE\",\"key\":\"SCALABLE\"}]', 'dropdown'),
(327, 9, '19. What problem does the startup aim to solve?', '\"If you\'re looking for random paragraphs, you\'ve come to the right place. When a random word or a random sentence isn\'t quite enough, the next logical step is to find a random paragraph. We created the Random Paragraph Generator with you in mind. The process is quite simple. Choose the number of random paragraphs you\'d like to see and click the button. Your chosen number of paragraphs will instantly appear\"', 'problemToSolve', 'null', 'text'),
(328, 9, '20. Please explain the value proposition that the startup envisions providing to its customers', '\"If you\'re looking for random paragraphs, you\'ve come to the right place. When a random word or a random sentence isn\'t quite enough, the next logical step is to find a random paragraph. We created the Random Paragraph Generator with you in mind. The process is quite simple. Choose the number of random paragraphs you\'d like to see and click the button. Your chosen number of paragraphs will instantly appear\"', 'valueProposition', 'null', 'text'),
(329, 9, '21. What is the uniqueness of the solution?', '\"If you\'re looking for random paragraphs, you\'ve come to the right place. When a random word or a random sentence isn\'t quite enough, the next logical step is to find a random paragraph. We created the Random Paragraph Generator with you in mind. The process is quite simple. Choose the number of random paragraphs you\'d like to see and click the button. Your chosen number of paragraphs will instantly appear\"', 'uniquenessOfSolution', 'null', 'text'),
(330, 9, '22. Please explain the unique selling points of your startup and its products/services', '\"If you\'re looking for random paragraphs, you\'ve come to the right place. When a random word or a random sentence isn\'t quite enough, the next logical step is to find a random paragraph. We created the Random Paragraph Generator with you in mind. The process is quite simple. Choose the number of random paragraphs you\'d like to see and click the button. Your chosen number of paragraphs will instantly appear\"', 'uniqueSellingPoints', 'null', 'text'),
(331, 9, '23. Please state and explain the target customer segment your startup is focusing on', '\"If you\'re looking for random paragraphs, you\'ve come to the right place. When a random word or a random sentence isn\'t quite enough, the next logical step is to find a random paragraph. We created the Random Paragraph Generator with you in mind. The process is quite simple. Choose the number of random paragraphs you\'d like to see and click the button. Your chosen number of paragraphs will instantly appear\"', 'targetCustomerSegment', 'null', 'text'),
(332, 9, '24. Provide information about your key competitors in the business', '\"If you\'re looking for random paragraphs, you\'ve come to the right place. When a random word or a random sentence isn\'t quite enough, the next logical step is to find a random paragraph. We created the Random Paragraph Generator with you in mind. The process is quite simple. Choose the number of random paragraphs you\'d like to see and click the button. Your chosen number of paragraphs will instantly appear\"', 'keyCompetitors', 'null', 'text'),
(333, 9, '25. How do you plan to scale up your startup in the next three to five years?', '\"If you\'re looking for random paragraphs, you\'ve come to the right place. When a random word or a random sentence isn\'t quite enough, the next logical step is to find a random paragraph. We created the Random Paragraph Generator with you in mind. The process is quite simple. Choose the number of random paragraphs you\'d like to see and click the button. Your chosen number of paragraphs will instantly appear\"', 'startupScaling', 'null', 'text'),
(334, 9, '26. Can you please explain the startup revenue model?', '\"If you\'re looking for random paragraphs, you\'ve come to the right place. When a random word or a random sentence isn\'t quite enough, the next logical step is to find a random paragraph. We created the Random Paragraph Generator with you in mind. The process is quite simple. Choose the number of random paragraphs you\'d like to see and click the button. Your chosen number of paragraphs will instantly appear\"', 'revenueModel', 'null', 'text'),
(335, 9, 'Metric 1', '\"Cost \"', 'metric1', 'null', 'text'),
(336, 9, 'Metric 2', '\"Sales\"', 'metric2', 'null', 'text'),
(337, 9, 'Metric 3', '\"Busniess\"', 'metric3', 'null', 'text'),
(338, 9, 'Metric 4', '\"Margin\"', 'metric4', 'null', 'text'),
(339, 9, '27. Any recognition or rewards received by the startup? (Yes/No) If yes, please explain', '\"If you\'re looking for random paragraphs, you\'ve come to the right place. When a random word or a random sentence isn\'t quite enough, the next logical step is to find a random paragraph. We created the Random Paragraph Generator with you in mind. The process is quite simple. Choose the number of random paragraphs you\'d like to see and click the button. Your chosen number of paragraphs will instantly appear\"', 'recognitionOrRewards', 'null', 'text'),
(340, 9, 'Expense Bracket', '\"9765432\"', 'expenseBracket', 'null', 'text'),
(341, 9, 'Expense Amount', '\"8765432\"', 'expenseAmount', 'null', 'number'),
(342, 9, 'Planned Deployment Start Date', '\"2023-10-18\"', 'deploymentStartDate', 'null', 'date'),
(343, 9, 'Planned Deployment End Date', '\"2024-03-26\"', 'deploymentEndDate', 'null', 'date'),
(344, 9, '28. Has your startup received any funding? (Yes/No)', '\"YES\"', 'fundingReceived', '[{\"label\":\"Yes\",\"key\":\"YES\"},{\"label\":\"No\",\"key\":\"NO\"}]', 'dropdown'),
(345, 9, '29. Please provide funding details relating to the below:', '\"If you\'re looking for random paragraphs, you\'ve come to the right place. When a random word or a random sentence isn\'t quite enough, the next logical step is to find a random paragraph. We created the Random Paragraph Generator with you in mind. The process is quite simple. Choose the number of random paragraphs you\'d like to see and click the button. Your chosen number of paragraphs will instantly appear\"', 'fundingDetailsInfo', 'null', 'text'),
(346, 9, '30. Does the startup have any intellectual property rights? If yes, please explain', '\"If you\'re looking for random paragraphs, you\'ve come to the right place. When a random word or a random sentence isn\'t quite enough, the next logical step is to find a random paragraph. We created the Random Paragraph Generator with you in mind. The process is quite simple. Choose the number of random paragraphs you\'d like to see and click the button. Your chosen number of paragraphs will instantly appear\"', 'ipRights', 'null', 'text'),
(347, 9, 'Inform us about your background', '\"If you\'re looking for random paragraphs, you\'ve come to the right place. When a random word or a random sentence isn\'t quite enough, the next logical step is to find a random paragraph. We created the Random Paragraph Generator with you in mind. The process is quite simple. Choose the number of random paragraphs you\'d like to see and click the button. Your chosen number of paragraphs will instantly appearIf you\'re looking for random paragraphs, you\'ve come to the right place. When a random word or a random sentence isn\'t quite enough, the next logical step is to find a random paragraph. We created the Random Paragraph Generator with you in mind. The process is quite simple. Choose the number of random paragraphs you\'d like to see and click the button. Your chosen number of paragraphs will instantly appear\"', 'customQuestion1', 'null', 'text'),
(348, 9, '', 'null', 'customQuestion2', 'null', 'text'),
(349, 9, '', 'null', 'customQuestion3', 'null', 'text'),
(350, 9, 'i) Amount Raised', '\"098765432\"', 'amountRaised', 'null', 'number'),
(351, 9, 'ii) Date of Raise', '\"2023-12-21\"', 'dateOfRaise', 'null', 'date'),
(352, 9, 'iii) % Stake Diluted', '\"20\"', 'stakeDiluted', 'null', 'number'),
(353, 9, 'iv) Investor Information', '\"If you\'re looking for random paragraphs, you\'ve come to the right place. When a random word or a random sentence isn\'t quite enough, the next logical step is to find a random paragraph. We created the Random Paragraph Generator with you in mind. The process is quite simple. Choose the number of random paragraphs you\'d like to see and click the button. Your chosen number of paragraphs will instantly appear\"', 'investorInfo', 'null', 'text'),
(354, 9, 'v) Valuation [pre money]', '\"6\"', 'valuation', 'null', 'number'),
(355, 10, '1. Startup Name as per Incorporation', 'null', 'startupName', 'null', 'text'),
(356, 10, '2. Please provide the company Logo', 'null', 'companyLogo', 'null', 'startup_logo'),
(357, 10, '3. Provide a brief summarized paragraph about your startup', 'null', 'summarizedParagraph', 'null', 'text'),
(358, 10, '4. Registered Address', 'null', 'registeredAddress', 'null', 'text'),
(359, 10, '5. Company Identification Number (CIN)', 'null', 'cin', 'null', 'text'),
(360, 10, '6. Incorporation Date', 'null', 'incorporationDate', 'null', 'date'),
(361, 10, '7. Number of Employees', 'null', 'numEmployees', 'null', 'number'),
(362, 10, 'a. Full-time employees?', 'null', 'fullTimeEmployees', 'null', 'number'),
(363, 10, 'b. Part-time employees?', 'null', 'partTimeEmployees', 'null', 'number'),
(364, 10, '9. Upload Founder Photos', 'null', 'founderPhotos', 'null', 'images'),
(365, 10, '9. Upload Biographies of the Founders', 'null', 'founderBiographies', 'null', 'files'),
(366, 10, '10. LinkedIn Profiles of Founders', 'null', 'founderLinkedInProfiles', 'null', 'text'),
(367, 10, '11. Upload Aadhar Card', 'null', 'aadharCard', 'null', 'file'),
(368, 10, '12. Upload Pan Card', 'null', 'panCard', 'null', 'file'),
(369, 10, '13. If applicable, provide a link to your startup’s mobile application', 'null', 'mobileAppLink', 'null', 'text'),
(370, 10, '14. If applicable, provide a link to your website', 'null', 'websiteLink', 'null', 'text'),
(371, 10, '15. LinkedIn website of Company', 'null', 'linkedinCompanyWebsite', 'null', 'text'),
(372, 10, '16. Elevator pitch - 90 seconds', 'null', 'elevatorPitch', 'null', 'video'),
(373, 10, '17. Stage of the startup', 'null', 'stageOfStartup', '[{\"label\":\"IDEATION\",\"key\":\"IDEATION\"},{\"label\":\"PROTOTYPING\",\"key\":\"PROTOTYPING\"},{\"label\":\"MINIMUM VIABLE PRODUCT (MVP)\",\"key\":\"MVP\"},{\"label\":\"PRODUCT MARKET FIT (PMF)\",\"key\":\"PMF\"}]', 'dropdown'),
(374, 10, '18. Please define the nature of your startup', 'null', 'startupNature', '[{\"label\":\"INNOVATIVE AND SCALABLE\",\"key\":\"IAS\"},{\"label\":\"ONLY INNOVATIVE\",\"key\":\"INNOVATIVE\"},{\"label\":\"ONLY SCALABLE\",\"key\":\"SCALABLE\"}]', 'dropdown'),
(375, 10, '19. What problem does the startup aim to solve?', 'null', 'problemToSolve', 'null', 'text'),
(376, 10, '20. Please explain the value proposition that the startup envisions providing to its customers', 'null', 'valueProposition', 'null', 'text'),
(377, 10, '21. What is the uniqueness of the solution?', 'null', 'uniquenessOfSolution', 'null', 'text'),
(378, 10, '22. Please explain the unique selling points of your startup and its products/services', 'null', 'uniqueSellingPoints', 'null', 'text'),
(379, 10, '23. Please state and explain the target customer segment your startup is focusing on', 'null', 'targetCustomerSegment', 'null', 'text'),
(380, 10, '24. Provide information about your key competitors in the business', 'null', 'keyCompetitors', 'null', 'text'),
(381, 10, '25. How do you plan to scale up your startup in the next three to five years?', 'null', 'startupScaling', 'null', 'text'),
(382, 10, '26. Can you please explain the startup revenue model?', 'null', 'revenueModel', 'null', 'text'),
(383, 10, 'Metric 1', 'null', 'metric1', 'null', 'text'),
(384, 10, 'Metric 2', 'null', 'metric2', 'null', 'text'),
(385, 10, 'Metric 3', 'null', 'metric3', 'null', 'text'),
(386, 10, 'Metric 4', 'null', 'metric4', 'null', 'text'),
(387, 10, '27. Any recognition or rewards received by the startup? (Yes/No) If yes, please explain', 'null', 'recognitionOrRewards', 'null', 'text'),
(388, 10, 'Expense Bracket', 'null', 'expenseBracket', 'null', 'text'),
(389, 10, 'Expense Amount', 'null', 'expenseAmount', 'null', 'number'),
(390, 10, 'Planned Deployment Start Date', 'null', 'deploymentStartDate', 'null', 'date'),
(391, 10, 'Planned Deployment End Date', 'null', 'deploymentEndDate', 'null', 'date'),
(392, 10, '28. Has your startup received any funding? (Yes/No)', 'null', 'fundingReceived', '[{\"label\":\"Yes\",\"key\":\"YES\"},{\"label\":\"No\",\"key\":\"NO\"}]', 'dropdown'),
(393, 10, '29. Please provide funding details relating to the below:', 'null', 'fundingDetailsInfo', 'null', 'text'),
(394, 10, '30. Does the startup have any intellectual property rights? If yes, please explain', 'null', 'ipRights', 'null', 'text'),
(395, 10, '', 'null', 'customQuestion1', 'null', 'text'),
(396, 10, '', 'null', 'customQuestion2', 'null', 'text'),
(397, 10, '', 'null', 'customQuestion3', 'null', 'text'),
(398, 10, 'i) Amount Raised', 'null', 'amountRaised', 'null', 'number'),
(399, 10, 'ii) Date of Raise', 'null', 'dateOfRaise', 'null', 'date'),
(400, 10, 'iii) % Stake Diluted', 'null', 'stakeDiluted', 'null', 'number'),
(401, 10, 'iv) Investor Information', 'null', 'investorInfo', 'null', 'text'),
(402, 10, 'v) Valuation [pre money]', 'null', 'valuation', 'null', 'number'),
(403, 11, '1. Startup Name as per Incorporation', '\"q\"', 'startupName', 'null', 'text'),
(404, 11, '2. Please provide the company Logo', '[{\"name\":\"3.jpeg\",\"url\":\"/Users/lavanya/incubator/api/uploads/file-1696427364352-17500227.jpeg\"}]', 'companyLogo', 'null', 'startup_logo'),
(405, 11, '3. Provide a brief summarized paragraph about your startup', '\"q\"', 'summarizedParagraph', 'null', 'text'),
(406, 11, '4. Registered Address', '\"qwqfhg\"', 'registeredAddress', 'null', 'text'),
(407, 11, '5. Company Identification Number (CIN)', '\"qqw\"', 'cin', 'null', 'text'),
(408, 11, '6. Incorporation Date', '\"2024-01-18\"', 'incorporationDate', 'null', 'date'),
(409, 11, '7. Number of Employees', '\"23\"', 'numEmployees', 'null', 'number'),
(410, 11, 'a. Full-time employees?', '\"23\"', 'fullTimeEmployees', 'null', 'number'),
(411, 11, 'b. Part-time employees?', '\"337\"', 'partTimeEmployees', 'null', 'number'),
(412, 11, '9. Upload Founder Photos', '[{\"name\":\"file_example_JPG_100kB.jpg\",\"url\":\"/Users/lavanya/incubator/api/uploads/file-1696427401131-262490777.jpg\"}]', 'founderPhotos', 'null', 'images'),
(413, 11, '9. Upload Biographies of the Founders', '[{\"name\":\"file-sample_100kB.doc\",\"url\":\"/Users/lavanya/incubator/api/uploads/file-1696427405403-182862292.doc\"},{\"name\":\"file-sample_1MB.doc\",\"url\":\"/Users/lavanya/incubator/api/uploads/file-1696427416870-525062671.doc\"}]', 'founderBiographies', 'null', 'files'),
(414, 11, '10. LinkedIn Profiles of Founders', '\"www.google.com, \"', 'founderLinkedInProfiles', 'null', 'text'),
(415, 11, '11. Upload Aadhar Card', '[{\"name\":\"ef1710en.pdf\",\"url\":\"/Users/lavanya/incubator/api/uploads/file-1696427453232-632760648.pdf\"}]', 'aadharCard', 'null', 'file'),
(416, 11, '12. Upload Pan Card', '[{\"name\":\"file-sample_100kB.doc\",\"url\":\"/Users/lavanya/incubator/api/uploads/file-1696427464162-247100007.doc\"}]', 'panCard', 'null', 'file'),
(417, 11, '13. If applicable, provide a link to your startup’s mobile application', '\"qwer\"', 'mobileAppLink', 'null', 'text'),
(418, 11, '14. If applicable, provide a link to your website', '\"wrewhdf\"', 'websiteLink', 'null', 'text'),
(419, 11, '15. LinkedIn website of Company', '\"ewfew\"', 'linkedinCompanyWebsite', 'null', 'text'),
(420, 11, '16. Elevator pitch - 90 seconds', '[{\"name\":\"pexels-mart-production-7565439 (Original).mp4\",\"url\":\"/Users/lavanya/incubator/api/uploads/file-1696427482372-535268795.mp4\"}]', 'elevatorPitch', 'null', 'video'),
(421, 11, '17. Stage of the startup', '\"MVP\"', 'stageOfStartup', '[{\"label\":\"IDEATION\",\"key\":\"IDEATION\"},{\"label\":\"PROTOTYPING\",\"key\":\"PROTOTYPING\"},{\"label\":\"MINIMUM VIABLE PRODUCT (MVP)\",\"key\":\"MVP\"},{\"label\":\"PRODUCT MARKET FIT (PMF)\",\"key\":\"PMF\"}]', 'dropdown'),
(422, 11, '18. Please define the nature of your startup', '\"IAS\"', 'startupNature', '[{\"label\":\"INNOVATIVE AND SCALABLE\",\"key\":\"IAS\"},{\"label\":\"ONLY INNOVATIVE\",\"key\":\"INNOVATIVE\"},{\"label\":\"ONLY SCALABLE\",\"key\":\"SCALABLE\"}]', 'dropdown'),
(423, 11, '19. What problem does the startup aim to solve?', '\"ewfew\"', 'problemToSolve', 'null', 'text'),
(424, 11, '20. Please explain the value proposition that the startup envisions providing to its customers', '\"ew\"', 'valueProposition', 'null', 'text'),
(425, 11, '21. What is the uniqueness of the solution?', '\"w\"', 'uniquenessOfSolution', 'null', 'text'),
(426, 11, '22. Please explain the unique selling points of your startup and its products/services', '\"w\"', 'uniqueSellingPoints', 'null', 'text'),
(427, 11, '23. Please state and explain the target customer segment your startup is focusing on', '\"w\"', 'targetCustomerSegment', 'null', 'text'),
(428, 11, '24. Provide information about your key competitors in the business', '\"w\"', 'keyCompetitors', 'null', 'text'),
(429, 11, '25. How do you plan to scale up your startup in the next three to five years?', '\"w\"', 'startupScaling', 'null', 'text'),
(430, 11, '26. Can you please explain the startup revenue model?', '\"e\"', 'revenueModel', 'null', 'text'),
(431, 11, 'Metric 1', '\"Case\"', 'metric1', 'null', 'text'),
(432, 11, 'Metric 2', '\"Sales\"', 'metric2', 'null', 'text'),
(433, 11, 'Metric 3', '\"Busi\"', 'metric3', 'null', 'text'),
(434, 11, 'Metric 4', '\"Econ\"', 'metric4', 'null', 'text'),
(435, 11, '27. Any recognition or rewards received by the startup? (Yes/No) If yes, please explain', '\"wqd\"', 'recognitionOrRewards', 'null', 'text'),
(436, 11, 'Expense Bracket', '\"987654321\"', 'expenseBracket', 'null', 'text'),
(437, 11, 'Expense Amount', '\"1234\"', 'expenseAmount', 'null', 'number'),
(438, 11, 'Planned Deployment Start Date', '\"2023-10-20\"', 'deploymentStartDate', 'null', 'date'),
(439, 11, 'Planned Deployment End Date', '\"2023-10-19\"', 'deploymentEndDate', 'null', 'date'),
(440, 11, '28. Has your startup received any funding? (Yes/No)', '\"YES\"', 'fundingReceived', '[{\"label\":\"Yes\",\"key\":\"YES\"},{\"label\":\"No\",\"key\":\"NO\"}]', 'dropdown'),
(441, 11, '29. Please provide funding details relating to the below:', '\"we\"', 'fundingDetailsInfo', 'null', 'text'),
(442, 11, '30. Does the startup have any intellectual property rights? If yes, please explain', '\"erty\"', 'ipRights', 'null', 'text'),
(443, 11, 'Mentor details', '\"cjsikw\"', 'customQuestion1', 'null', 'text'),
(444, 11, '', 'null', 'customQuestion2', 'null', 'text'),
(445, 11, '', 'null', 'customQuestion3', 'null', 'text'),
(446, 11, 'i) Amount Raised', '\"73456789\"', 'amountRaised', 'null', 'number'),
(447, 11, 'ii) Date of Raise', '\"2023-10-12\"', 'dateOfRaise', 'null', 'date'),
(448, 11, 'iii) % Stake Diluted', '\"41356\"', 'stakeDiluted', 'null', 'number'),
(449, 11, 'iv) Investor Information', '\"tfcjshav c\"', 'investorInfo', 'null', 'text'),
(450, 11, 'v) Valuation [pre money]', '\"23452\"', 'valuation', 'null', 'number'),
(451, 12, '1. Startup Name as per Incorporation', 'null', 'startupName', 'null', 'text'),
(452, 12, '2. Please provide the company Logo', 'null', 'companyLogo', 'null', 'startup_logo'),
(453, 12, '3. Provide a brief summarized paragraph about your startup', 'null', 'summarizedParagraph', 'null', 'text'),
(454, 12, '4. Registered Address', 'null', 'registeredAddress', 'null', 'text'),
(455, 12, '5. Company Identification Number (CIN)', 'null', 'cin', 'null', 'text'),
(456, 12, '6. Incorporation Date', 'null', 'incorporationDate', 'null', 'date'),
(457, 12, '7. Number of Employees', 'null', 'numEmployees', 'null', 'number'),
(458, 12, 'a. Full-time employees?', 'null', 'fullTimeEmployees', 'null', 'number'),
(459, 12, 'b. Part-time employees?', 'null', 'partTimeEmployees', 'null', 'number'),
(460, 12, '9. Upload Founder Photos', 'null', 'founderPhotos', 'null', 'images'),
(461, 12, '9. Upload Biographies of the Founders', 'null', 'founderBiographies', 'null', 'files'),
(462, 12, '10. LinkedIn Profiles of Founders', 'null', 'founderLinkedInProfiles', 'null', 'text'),
(463, 12, '11. Upload Aadhar Card', 'null', 'aadharCard', 'null', 'file'),
(464, 12, '12. Upload Pan Card', 'null', 'panCard', 'null', 'file'),
(465, 12, '13. If applicable, provide a link to your startup’s mobile application', 'null', 'mobileAppLink', 'null', 'text'),
(466, 12, '14. If applicable, provide a link to your website', 'null', 'websiteLink', 'null', 'text'),
(467, 12, '15. LinkedIn website of Company', 'null', 'linkedinCompanyWebsite', 'null', 'text'),
(468, 12, '16. Elevator pitch - 90 seconds', 'null', 'elevatorPitch', 'null', 'video'),
(469, 12, '17. Stage of the startup', 'null', 'stageOfStartup', '[{\"label\":\"IDEATION\",\"key\":\"IDEATION\"},{\"label\":\"PROTOTYPING\",\"key\":\"PROTOTYPING\"},{\"label\":\"MINIMUM VIABLE PRODUCT (MVP)\",\"key\":\"MVP\"},{\"label\":\"PRODUCT MARKET FIT (PMF)\",\"key\":\"PMF\"}]', 'dropdown'),
(470, 12, '18. Please define the nature of your startup', 'null', 'startupNature', '[{\"label\":\"INNOVATIVE AND SCALABLE\",\"key\":\"IAS\"},{\"label\":\"ONLY INNOVATIVE\",\"key\":\"INNOVATIVE\"},{\"label\":\"ONLY SCALABLE\",\"key\":\"SCALABLE\"}]', 'dropdown'),
(471, 12, '19. What problem does the startup aim to solve?', 'null', 'problemToSolve', 'null', 'text'),
(472, 12, '20. Please explain the value proposition that the startup envisions providing to its customers', 'null', 'valueProposition', 'null', 'text'),
(473, 12, '21. What is the uniqueness of the solution?', 'null', 'uniquenessOfSolution', 'null', 'text'),
(474, 12, '22. Please explain the unique selling points of your startup and its products/services', 'null', 'uniqueSellingPoints', 'null', 'text'),
(475, 12, '23. Please state and explain the target customer segment your startup is focusing on', 'null', 'targetCustomerSegment', 'null', 'text'),
(476, 12, '24. Provide information about your key competitors in the business', 'null', 'keyCompetitors', 'null', 'text'),
(477, 12, '25. How do you plan to scale up your startup in the next three to five years?', 'null', 'startupScaling', 'null', 'text'),
(478, 12, '26. Can you please explain the startup revenue model?', 'null', 'revenueModel', 'null', 'text'),
(479, 12, 'Metric 1', 'null', 'metric1', 'null', 'text'),
(480, 12, 'Metric 2', 'null', 'metric2', 'null', 'text'),
(481, 12, 'Metric 3', 'null', 'metric3', 'null', 'text'),
(482, 12, 'Metric 4', 'null', 'metric4', 'null', 'text'),
(483, 12, '27. Any recognition or rewards received by the startup? (Yes/No) If yes, please explain', 'null', 'recognitionOrRewards', 'null', 'text'),
(484, 12, 'Expense Bracket', 'null', 'expenseBracket', 'null', 'text'),
(485, 12, 'Expense Amount', 'null', 'expenseAmount', 'null', 'number'),
(486, 12, 'Planned Deployment Start Date', 'null', 'deploymentStartDate', 'null', 'date'),
(487, 12, 'Planned Deployment End Date', 'null', 'deploymentEndDate', 'null', 'date'),
(488, 12, '28. Has your startup received any funding? (Yes/No)', 'null', 'fundingReceived', '[{\"label\":\"Yes\",\"key\":\"YES\"},{\"label\":\"No\",\"key\":\"NO\"}]', 'dropdown'),
(489, 12, '29. Please provide funding details relating to the below:', 'null', 'fundingDetailsInfo', 'null', 'text'),
(490, 12, '30. Does the startup have any intellectual property rights? If yes, please explain', 'null', 'ipRights', 'null', 'text'),
(491, 12, '', 'null', 'customQuestion1', 'null', 'text'),
(492, 12, '', 'null', 'customQuestion2', 'null', 'text'),
(493, 12, '', 'null', 'customQuestion3', 'null', 'text'),
(494, 12, 'i) Amount Raised', 'null', 'amountRaised', 'null', 'number'),
(495, 12, 'ii) Date of Raise', 'null', 'dateOfRaise', 'null', 'date'),
(496, 12, 'iii) % Stake Diluted', 'null', 'stakeDiluted', 'null', 'number'),
(497, 12, 'iv) Investor Information', 'null', 'investorInfo', 'null', 'text'),
(498, 12, 'v) Valuation [pre money]', 'null', 'valuation', 'null', 'number'),
(499, 13, '1. Startup Name as per Incorporation', 'null', 'startupName', 'null', 'text'),
(500, 13, '2. Please provide the company Logo', 'null', 'companyLogo', 'null', 'startup_logo');

INSERT INTO `questionnaire` (`id`, `startup_id`, `question`, `answer`, `question_uid`, `meta_data`, `answer_type`) VALUES
(501, 13, '3. Provide a brief summarized paragraph about your startup', 'null', 'summarizedParagraph', 'null', 'text'),
(502, 13, '4. Registered Address', 'null', 'registeredAddress', 'null', 'text'),
(503, 13, '5. Company Identification Number (CIN)', 'null', 'cin', 'null', 'text'),
(504, 13, '6. Incorporation Date', 'null', 'incorporationDate', 'null', 'date'),
(505, 13, '7. Number of Employees', 'null', 'numEmployees', 'null', 'number'),
(506, 13, 'a. Full-time employees?', 'null', 'fullTimeEmployees', 'null', 'number'),
(507, 13, 'b. Part-time employees?', 'null', 'partTimeEmployees', 'null', 'number'),
(508, 13, '9. Upload Founder Photos', 'null', 'founderPhotos', 'null', 'images'),
(509, 13, '9. Upload Biographies of the Founders', 'null', 'founderBiographies', 'null', 'files'),
(510, 13, '10. LinkedIn Profiles of Founders', 'null', 'founderLinkedInProfiles', 'null', 'text'),
(511, 13, '11. Upload Aadhar Card', 'null', 'aadharCard', 'null', 'file'),
(512, 13, '12. Upload Pan Card', 'null', 'panCard', 'null', 'file'),
(513, 13, '13. If applicable, provide a link to your startup’s mobile application', 'null', 'mobileAppLink', 'null', 'text'),
(514, 13, '14. If applicable, provide a link to your website', 'null', 'websiteLink', 'null', 'text'),
(515, 13, '15. LinkedIn website of Company', 'null', 'linkedinCompanyWebsite', 'null', 'text'),
(516, 13, '16. Elevator pitch - 90 seconds', 'null', 'elevatorPitch', 'null', 'video'),
(517, 13, '17. Stage of the startup', 'null', 'stageOfStartup', '[{\"label\":\"IDEATION\",\"key\":\"IDEATION\"},{\"label\":\"PROTOTYPING\",\"key\":\"PROTOTYPING\"},{\"label\":\"MINIMUM VIABLE PRODUCT (MVP)\",\"key\":\"MVP\"},{\"label\":\"PRODUCT MARKET FIT (PMF)\",\"key\":\"PMF\"}]', 'dropdown'),
(518, 13, '18. Please define the nature of your startup', 'null', 'startupNature', '[{\"label\":\"INNOVATIVE AND SCALABLE\",\"key\":\"IAS\"},{\"label\":\"ONLY INNOVATIVE\",\"key\":\"INNOVATIVE\"},{\"label\":\"ONLY SCALABLE\",\"key\":\"SCALABLE\"}]', 'dropdown'),
(519, 13, '19. What problem does the startup aim to solve?', 'null', 'problemToSolve', 'null', 'text'),
(520, 13, '20. Please explain the value proposition that the startup envisions providing to its customers', 'null', 'valueProposition', 'null', 'text'),
(521, 13, '21. What is the uniqueness of the solution?', 'null', 'uniquenessOfSolution', 'null', 'text'),
(522, 13, '22. Please explain the unique selling points of your startup and its products/services', 'null', 'uniqueSellingPoints', 'null', 'text'),
(523, 13, '23. Please state and explain the target customer segment your startup is focusing on', 'null', 'targetCustomerSegment', 'null', 'text'),
(524, 13, '24. Provide information about your key competitors in the business', 'null', 'keyCompetitors', 'null', 'text'),
(525, 13, '25. How do you plan to scale up your startup in the next three to five years?', 'null', 'startupScaling', 'null', 'text'),
(526, 13, '26. Can you please explain the startup revenue model?', 'null', 'revenueModel', 'null', 'text'),
(527, 13, 'Metric 1', 'null', 'metric1', 'null', 'text'),
(528, 13, 'Metric 2', 'null', 'metric2', 'null', 'text'),
(529, 13, 'Metric 3', 'null', 'metric3', 'null', 'text'),
(530, 13, 'Metric 4', 'null', 'metric4', 'null', 'text'),
(531, 13, '27. Any recognition or rewards received by the startup? (Yes/No) If yes, please explain', 'null', 'recognitionOrRewards', 'null', 'text'),
(532, 13, 'Expense Bracket', 'null', 'expenseBracket', 'null', 'text'),
(533, 13, 'Expense Amount', 'null', 'expenseAmount', 'null', 'number'),
(534, 13, 'Planned Deployment Start Date', 'null', 'deploymentStartDate', 'null', 'date'),
(535, 13, 'Planned Deployment End Date', 'null', 'deploymentEndDate', 'null', 'date'),
(536, 13, '28. Has your startup received any funding? (Yes/No)', 'null', 'fundingReceived', '[{\"label\":\"Yes\",\"key\":\"YES\"},{\"label\":\"No\",\"key\":\"NO\"}]', 'dropdown'),
(537, 13, '29. Please provide funding details relating to the below:', 'null', 'fundingDetailsInfo', 'null', 'text'),
(538, 13, '30. Does the startup have any intellectual property rights? If yes, please explain', 'null', 'ipRights', 'null', 'text'),
(539, 13, '', 'null', 'customQuestion1', 'null', 'text'),
(540, 13, '', 'null', 'customQuestion2', 'null', 'text'),
(541, 13, '', 'null', 'customQuestion3', 'null', 'text'),
(542, 13, 'i) Amount Raised', 'null', 'amountRaised', 'null', 'number'),
(543, 13, 'ii) Date of Raise', 'null', 'dateOfRaise', 'null', 'date'),
(544, 13, 'iii) % Stake Diluted', 'null', 'stakeDiluted', 'null', 'number'),
(545, 13, 'iv) Investor Information', 'null', 'investorInfo', 'null', 'text'),
(546, 13, 'v) Valuation [pre money]', 'null', 'valuation', 'null', 'number'),
(547, 14, '1. Startup Name as per Incorporation', '\"CleanEnergy Dynamics Pvt Lmt\"', 'startupName', 'null', 'text'),
(548, 14, '2. Please provide the company Logo', '[{\"name\":\"3.jpeg\",\"url\":\"/Users/lavanya/incubator/api/uploads/file-1696952822232-266807510.jpeg\"}]', 'companyLogo', 'null', 'startup_logo'),
(549, 14, '3. Provide a brief summarized paragraph about your startup', '\"The purpose of lorem ipsum is to create a natural looking block of text (sentence, paragraph, page, etc.) that doesn\'t distract from the layout. A practice not without controversy, laying out pages with meaningless filler text can be very useful when the focus is meant to be on design, not content.\"', 'summarizedParagraph', 'null', 'text'),
(550, 14, '4. Registered Address', '\" 1186/13, Govindpuri, Delhi, Delhi, 01126435676, 110019, India\"', 'registeredAddress', 'null', 'text'),
(551, 14, '5. Company Identification Number (CIN)', '\"SDFGHJ1234\"', 'cin', 'null', 'text'),
(552, 14, '6. Incorporation Date', '\"2023-10-18\"', 'incorporationDate', 'null', 'date'),
(553, 14, '7. Number of Employees', '\"211\"', 'numEmployees', 'null', 'number'),
(554, 14, 'a. Full-time employees?', '\"200\"', 'fullTimeEmployees', 'null', 'number'),
(555, 14, 'b. Part-time employees?', '\"10\"', 'partTimeEmployees', 'null', 'number'),
(556, 14, '9. Upload Founder Photos', '[{\"name\":\"file_example_JPG_100kB.jpg\",\"url\":\"/Users/lavanya/incubator/api/uploads/file-1696952848236-816561051.jpg\"}]', 'founderPhotos', 'null', 'images'),
(557, 14, '9. Upload Biographies of the Founders', '[{\"name\":\"file-sample_100kB.doc\",\"url\":\"/Users/lavanya/incubator/api/uploads/file-1696952855360-46122416.doc\"}]', 'founderBiographies', 'null', 'files'),
(558, 14, '10. LinkedIn Profiles of Founders', '\"www.google.com\"', 'founderLinkedInProfiles', 'null', 'text'),
(559, 14, '11. Upload Aadhar Card', '[{\"name\":\"file-sample_100kB.doc\",\"url\":\"/Users/lavanya/incubator/api/uploads/file-1696952860877-28657420.doc\"}]', 'aadharCard', 'null', 'file'),
(560, 14, '12. Upload Pan Card', '[{\"name\":\"file-sample_100kB.doc\",\"url\":\"/Users/lavanya/incubator/api/uploads/file-1696952865211-579534840.doc\"}]', 'panCard', 'null', 'file'),
(561, 14, '13. If applicable, provide a link to your startup’s mobile application', '\"The passage experienced a surge in popularity during the 1960s when Letraset used it on their dry-transferThe passage experienced a surge in popularity during the 1960s when Letraset used it on their dry-transfer\"', 'mobileAppLink', 'null', 'text'),
(562, 14, '14. If applicable, provide a link to your website', '\"The passage experienced a surge in popularity during the 1960s when Letraset used it on their dry-transfer\"', 'websiteLink', 'null', 'text'),
(563, 14, '15. LinkedIn website of Company', '\"The passage experienced a surge in popularity during the 1960s when Letraset used it on their dry-transfer\"', 'linkedinCompanyWebsite', 'null', 'text'),
(564, 14, '16. Elevator pitch - 90 seconds', '[{\"name\":\"pexels-mart-production-7565439 (Original).mp4\",\"url\":\"/Users/lavanya/incubator/api/uploads/file-1696952871744-622990972.mp4\"}]', 'elevatorPitch', 'null', 'video'),
(565, 14, '17. Stage of the startup', '\"PROTOTYPING\"', 'stageOfStartup', '[{\"label\":\"IDEATION\",\"key\":\"IDEATION\"},{\"label\":\"PROTOTYPING\",\"key\":\"PROTOTYPING\"},{\"label\":\"MINIMUM VIABLE PRODUCT (MVP)\",\"key\":\"MVP\"},{\"label\":\"PRODUCT MARKET FIT (PMF)\",\"key\":\"PMF\"}]', 'dropdown'),
(566, 14, '18. Please define the nature of your startup', '\"IAS\"', 'startupNature', '[{\"label\":\"INNOVATIVE AND SCALABLE\",\"key\":\"IAS\"},{\"label\":\"ONLY INNOVATIVE\",\"key\":\"INNOVATIVE\"},{\"label\":\"ONLY SCALABLE\",\"key\":\"SCALABLE\"}]', 'dropdown'),
(567, 14, '19. What problem does the startup aim to solve?', '\"The passage experienced a surge in popularity during the 1960s when Letraset used it on their dry-transfer\"', 'problemToSolve', 'null', 'text'),
(568, 14, '20. Please explain the value proposition that the startup envisions providing to its customers', '\"The passage experienced a surge in popularity during the 1960s when Letraset used it on their dry-transfer\"', 'valueProposition', 'null', 'text'),
(569, 14, '21. What is the uniqueness of the solution?', '\"The passage experienced a surge in popularity during the 1960s when Letraset used it on their dry-transfer\"', 'uniquenessOfSolution', 'null', 'text'),
(570, 14, '22. Please explain the unique selling points of your startup and its products/services', '\"The passage experienced a surge in popularity during the 1960s when Letraset used it on their dry-transfer\"', 'uniqueSellingPoints', 'null', 'text'),
(571, 14, '23. Please state and explain the target customer segment your startup is focusing on', '\"The passage experienced a surge in popularity during the 1960s when Letraset used it on their dry-transfer\"', 'targetCustomerSegment', 'null', 'text'),
(572, 14, '24. Provide information about your key competitors in the business', '\"The passage experienced a surge in popularity during the 1960s when Letraset used it on their dry-transfer\"', 'keyCompetitors', 'null', 'text'),
(573, 14, '25. How do you plan to scale up your startup in the next three to five years?', '\"The passage experienced a surge in popularity during the 1960s when Letraset used it on their dry-transfer\"', 'startupScaling', 'null', 'text'),
(574, 14, '26. Can you please explain the startup revenue model?', '\"The passage experienced a surge in popularity during the 1960s when Letraset used it on their dry-transfer\"', 'revenueModel', 'null', 'text'),
(575, 14, 'Metric 1', '\"Churn rate\"', 'metric1', 'null', 'text'),
(576, 14, 'Metric 2', '\"Actual profit\"', 'metric2', 'null', 'text'),
(577, 14, 'Metric 3', '\"Business\"', 'metric3', 'null', 'text'),
(578, 14, 'Metric 4', '\"Sales\"', 'metric4', 'null', 'text'),
(579, 14, '27. Any recognition or rewards received by the startup? (Yes/No) If yes, please explain', '\"The passage experienced a surge in popularity during the 1960s when Letraset used it on their dry-transfer\"', 'recognitionOrRewards', 'null', 'text'),
(580, 14, 'Expense Bracket', '\"234567\"', 'expenseBracket', 'null', 'text'),
(581, 14, 'Expense Amount', '\"34551\"', 'expenseAmount', 'null', 'number'),
(582, 14, 'Planned Deployment Start Date', '\"2023-10-11\"', 'deploymentStartDate', 'null', 'date'),
(583, 14, 'Planned Deployment End Date', '\"2023-10-11\"', 'deploymentEndDate', 'null', 'date'),
(584, 14, '28. Has your startup received any funding? (Yes/No)', '\"NO\"', 'fundingReceived', '[{\"label\":\"Yes\",\"key\":\"YES\"},{\"label\":\"No\",\"key\":\"NO\"}]', 'dropdown'),
(585, 14, '29. Please provide funding details relating to the below:', '\"The passage experienced a surge in popularity during the 1960s when Letraset used it on their dry-transfer\"', 'fundingDetailsInfo', 'null', 'text'),
(586, 14, '30. Does the startup have any intellectual property rights? If yes, please explain', '\"The passage experienced a surge in popularity during the 1960s when Letraset used it on their dry-transfer\"', 'ipRights', 'null', 'text'),
(587, 14, 'Give me more details about sun flower', '\"The passage experienced a surge in popularity during the 1960s when Letraset used it on their dry-transfer\"', 'customQuestion1', 'null', 'text'),
(588, 14, '', 'null', 'customQuestion2', 'null', 'text'),
(589, 14, '', 'null', 'customQuestion3', 'null', 'text'),
(590, 14, 'i) Amount Raised', '\"1234564\"', 'amountRaised', 'null', 'number'),
(591, 14, 'ii) Date of Raise', '\"2023-11-02\"', 'dateOfRaise', 'null', 'date'),
(592, 14, 'iii) % Stake Diluted', '\"10\"', 'stakeDiluted', 'null', 'number'),
(593, 14, 'iv) Investor Information', '\"The passage experienced a surge in popularity during the 1960s when Letraset used it on their dry-transfer\"', 'investorInfo', 'null', 'text'),
(594, 14, 'v) Valuation [pre money]', '\"234560\"', 'valuation', 'null', 'number'),
(595, 15, '1. Startup Name as per Incorporation', 'null', 'startupName', 'null', 'text'),
(596, 15, '2. Please provide the company Logo', 'null', 'companyLogo', 'null', 'startup_logo'),
(597, 15, '3. Provide a brief summarized paragraph about your startup', 'null', 'summarizedParagraph', 'null', 'text'),
(598, 15, '4. Registered Address', 'null', 'registeredAddress', 'null', 'text'),
(599, 15, '5. Company Identification Number (CIN)', 'null', 'cin', 'null', 'text'),
(600, 15, '6. Incorporation Date', 'null', 'incorporationDate', 'null', 'date'),
(601, 15, '7. Number of Employees', 'null', 'numEmployees', 'null', 'number'),
(602, 15, 'a. Full-time employees?', 'null', 'fullTimeEmployees', 'null', 'number'),
(603, 15, 'b. Part-time employees?', 'null', 'partTimeEmployees', 'null', 'number'),
(604, 15, '9. Upload Founder Photos', 'null', 'founderPhotos', 'null', 'images'),
(605, 15, '9. Upload Biographies of the Founders', 'null', 'founderBiographies', 'null', 'files'),
(606, 15, '10. LinkedIn Profiles of Founders', 'null', 'founderLinkedInProfiles', 'null', 'text'),
(607, 15, '11. Upload Aadhar Card', 'null', 'aadharCard', 'null', 'file'),
(608, 15, '12. Upload Pan Card', 'null', 'panCard', 'null', 'file'),
(609, 15, '13. If applicable, provide a link to your startup’s mobile application', 'null', 'mobileAppLink', 'null', 'text'),
(610, 15, '14. If applicable, provide a link to your website', 'null', 'websiteLink', 'null', 'text'),
(611, 15, '15. LinkedIn website of Company', 'null', 'linkedinCompanyWebsite', 'null', 'text'),
(612, 15, '16. Elevator pitch - 90 seconds', 'null', 'elevatorPitch', 'null', 'video'),
(613, 15, '17. Stage of the startup', 'null', 'stageOfStartup', '[{\"label\":\"IDEATION\",\"key\":\"IDEATION\"},{\"label\":\"PROTOTYPING\",\"key\":\"PROTOTYPING\"},{\"label\":\"MINIMUM VIABLE PRODUCT (MVP)\",\"key\":\"MVP\"},{\"label\":\"PRODUCT MARKET FIT (PMF)\",\"key\":\"PMF\"}]', 'dropdown'),
(614, 15, '18. Please define the nature of your startup', 'null', 'startupNature', '[{\"label\":\"INNOVATIVE AND SCALABLE\",\"key\":\"IAS\"},{\"label\":\"ONLY INNOVATIVE\",\"key\":\"INNOVATIVE\"},{\"label\":\"ONLY SCALABLE\",\"key\":\"SCALABLE\"}]', 'dropdown'),
(615, 15, '19. What problem does the startup aim to solve?', 'null', 'problemToSolve', 'null', 'text'),
(616, 15, '20. Please explain the value proposition that the startup envisions providing to its customers', 'null', 'valueProposition', 'null', 'text'),
(617, 15, '21. What is the uniqueness of the solution?', 'null', 'uniquenessOfSolution', 'null', 'text'),
(618, 15, '22. Please explain the unique selling points of your startup and its products/services', 'null', 'uniqueSellingPoints', 'null', 'text'),
(619, 15, '23. Please state and explain the target customer segment your startup is focusing on', 'null', 'targetCustomerSegment', 'null', 'text'),
(620, 15, '24. Provide information about your key competitors in the business', 'null', 'keyCompetitors', 'null', 'text'),
(621, 15, '25. How do you plan to scale up your startup in the next three to five years?', 'null', 'startupScaling', 'null', 'text'),
(622, 15, '26. Can you please explain the startup revenue model?', 'null', 'revenueModel', 'null', 'text'),
(623, 15, 'Metric 1', 'null', 'metric1', 'null', 'text'),
(624, 15, 'Metric 2', 'null', 'metric2', 'null', 'text'),
(625, 15, 'Metric 3', 'null', 'metric3', 'null', 'text'),
(626, 15, 'Metric 4', 'null', 'metric4', 'null', 'text'),
(627, 15, '27. Any recognition or rewards received by the startup? (Yes/No) If yes, please explain', 'null', 'recognitionOrRewards', 'null', 'text'),
(628, 15, 'Expense Bracket', 'null', 'expenseBracket', 'null', 'text'),
(629, 15, 'Expense Amount', 'null', 'expenseAmount', 'null', 'number'),
(630, 15, 'Planned Deployment Start Date', 'null', 'deploymentStartDate', 'null', 'date'),
(631, 15, 'Planned Deployment End Date', 'null', 'deploymentEndDate', 'null', 'date'),
(632, 15, '28. Has your startup received any funding? (Yes/No)', 'null', 'fundingReceived', '[{\"label\":\"Yes\",\"key\":\"YES\"},{\"label\":\"No\",\"key\":\"NO\"}]', 'dropdown'),
(633, 15, '29. Please provide funding details relating to the below:', 'null', 'fundingDetailsInfo', 'null', 'text'),
(634, 15, '30. Does the startup have any intellectual property rights? If yes, please explain', 'null', 'ipRights', 'null', 'text'),
(635, 15, '', 'null', 'customQuestion1', 'null', 'text'),
(636, 15, '', 'null', 'customQuestion2', 'null', 'text'),
(637, 15, '', 'null', 'customQuestion3', 'null', 'text'),
(638, 15, 'i) Amount Raised', 'null', 'amountRaised', 'null', 'number'),
(639, 15, 'ii) Date of Raise', 'null', 'dateOfRaise', 'null', 'date'),
(640, 15, 'iii) % Stake Diluted', 'null', 'stakeDiluted', 'null', 'number'),
(641, 15, 'iv) Investor Information', 'null', 'investorInfo', 'null', 'text'),
(642, 15, 'v) Valuation [pre money]', 'null', 'valuation', 'null', 'number'),
(787, 19, '1. Startup Name as per Incorporation', '\"Twilio pvt ltd\"', 'startupName', 'null', 'text'),
(788, 19, '2. Please provide the company Logo', '[{\"name\":\"111.jpeg\",\"url\":\"/Users/lavanya/incubator/api/uploads/file-1699546163195-836055416.jpeg\"}]', 'companyLogo', 'null', 'startup_logo'),
(789, 19, '3. Provide a brief summarized paragraph about your startup', '\"There are many variations of passages of Lorem Ipsum available, but the majority have suffered alteration in some form, by injected humour, or randomised words which don\'t look even slightly believable. If you are going to use a passage of Lorem Ipsum, you need to be sure there isn\'t anything embarrassing hidden in the middle of text. \"', 'summarizedParagraph', 'null', 'text'),
(790, 19, '4. Registered Address', '\"There are many variations of passages of Lorem Ipsum available, but the majority have suffered alteration in some form, by injected humour, or randomised words which don\'t look even slightly believable. If you are going to use a passage of Lorem Ipsum, you need to be sure there isn\'t anything embarrassing hidden in the middle of text. \"', 'registeredAddress', 'null', 'text'),
(791, 19, '5. Company Identification Number (CIN)', '\"ASDFGH123\"', 'cin', 'null', 'text'),
(792, 19, '6. Incorporation Date', '\"2023-11-28\"', 'incorporationDate', 'null', 'date'),
(793, 19, '7. Number of Employees', '\"44\"', 'numEmployees', 'null', 'number'),
(794, 19, 'a. Full-time employees?', '\"40\"', 'fullTimeEmployees', 'null', 'number'),
(795, 19, 'b. Part-time employees?', '\"2\"', 'partTimeEmployees', 'null', 'number'),
(796, 19, '9. Upload Founder Photos', '[{\"name\":\"56r7tyu.png\",\"url\":\"/Users/lavanya/incubator/api/uploads/file-1699546212497-754797096.png\"}]', 'founderPhotos', 'null', 'images'),
(797, 19, '9. Upload Biographies of the Founders', '[{\"name\":\"file-sample_100kB.doc\",\"url\":\"/Users/lavanya/incubator/api/uploads/file-1699546218177-249737515.doc\"}]', 'founderBiographies', 'null', 'files'),
(798, 19, '10. LinkedIn Profiles of Founders', '\"www.linkedin.in\"', 'founderLinkedInProfiles', 'null', 'text'),
(799, 19, '11. Upload Aadhar Card', '[{\"name\":\"file-sample_100kB.doc\",\"url\":\"/Users/lavanya/incubator/api/uploads/file-1699546230792-365785317.doc\"}]', 'aadharCard', 'null', 'file'),
(800, 19, '12. Upload Pan Card', '[{\"name\":\"file-sample_100kB.doc\",\"url\":\"/Users/lavanya/incubator/api/uploads/file-1699546235818-468939436.doc\"}]', 'panCard', 'null', 'file'),
(801, 19, '13. If applicable, provide a link to your startup’s mobile application', '\"There are many variations of passages of Lorem Ipsum available, but the majority have suffered alteration in some form, by injected humour, or randomised words which don\'t look even slightly believable. If you are going to use a passage of Lorem Ipsum, you need to be sure there isn\'t anything embarrassing hidden in the middle of text. \"', 'mobileAppLink', 'null', 'text'),
(802, 19, '14. If applicable, provide a link to your website', '\"There are many variations of passages of Lorem Ipsum available, but the majority have suffered alteration in some form, by injected humour, or randomised words which don\'t look even slightly believable. If you are going to use a passage of Lorem Ipsum, you need to be sure there isn\'t anything embarrassing hidden in the middle of text. \"', 'websiteLink', 'null', 'text'),
(803, 19, '15. LinkedIn website of Company', '\"There are many variations of passages of Lorem Ipsum available, but the majority have suffered alteration in some form, by injected humour, or randomised words which don\'t look even slightly believable. If you are going to use a passage of Lorem Ipsum, you need to be sure there isn\'t anything embarrassing hidden in the middle of text. \"', 'linkedinCompanyWebsite', 'null', 'text'),
(804, 19, '16. Elevator pitch - 90 seconds', '[{\"name\":\"pexels-mart-production-7565439 (Original).mp4\",\"url\":\"/Users/lavanya/incubator/api/uploads/file-1699546246283-579468095.mp4\"}]', 'elevatorPitch', 'null', 'video'),
(805, 19, '17. Stage of the startup', '\"PROTOTYPING\"', 'stageOfStartup', '[{\"label\":\"IDEATION\",\"key\":\"IDEATION\"},{\"label\":\"PROTOTYPING\",\"key\":\"PROTOTYPING\"},{\"label\":\"MINIMUM VIABLE PRODUCT (MVP)\",\"key\":\"MVP\"},{\"label\":\"PRODUCT MARKET FIT (PMF)\",\"key\":\"PMF\"}]', 'dropdown'),
(806, 19, '18. Please define the nature of your startup', '\"INNOVATIVE\"', 'startupNature', '[{\"label\":\"INNOVATIVE AND SCALABLE\",\"key\":\"IAS\"},{\"label\":\"ONLY INNOVATIVE\",\"key\":\"INNOVATIVE\"},{\"label\":\"ONLY SCALABLE\",\"key\":\"SCALABLE\"}]', 'dropdown'),
(807, 19, '19. What problem does the startup aim to solve?', '\"There are many variations of passages of Lorem Ipsum available, but the majority have suffered alteration in some form, by injected humour, or randomised words which don\'t look even slightly believable. If you are going to use a passage of Lorem Ipsum, you need to be sure there isn\'t anything embarrassing hidden in the middle of text. \"', 'problemToSolve', 'null', 'text'),
(808, 19, '20. Please explain the value proposition that the startup envisions providing to its customers', '\"There are many variations of passages of Lorem Ipsum available, but the majority have suffered alteration in some form, by injected humour, or randomised words which don\'t look even slightly believable. If you are going to use a passage of Lorem Ipsum, you need to be sure there isn\'t anything embarrassing hidden in the middle of text. \"', 'valueProposition', 'null', 'text'),
(809, 19, '21. What is the uniqueness of the solution?', '\"There are many variations of passages of Lorem Ipsum available, but the majority have suffered alteration in some form, by injected humour, or randomised words which don\'t look even slightly believable. \"', 'uniquenessOfSolution', 'null', 'text'),
(810, 19, '22. Please explain the unique selling points of your startup and its products/services', '\"If you are going to use a passage of Lorem Ipsum, you need to be sure there isn\'t anything embarrassing hidden in the middle of text. \"', 'uniqueSellingPoints', 'null', 'text'),
(811, 19, '23. Please state and explain the target customer segment your startup is focusing on', '\"If you are going to use a passage of Lorem Ipsum, you need to be sure there isn\'t anything embarrassing hidden in the middle of text. \"', 'targetCustomerSegment', 'null', 'text'),
(812, 19, '24. Provide information about your key competitors in the business', '\"If you are going to use a passage of Lorem Ipsum, you need to be sure there isn\'t anything embarrassing hidden in the middle of text. \"', 'keyCompetitors', 'null', 'text'),
(813, 19, '25. How do you plan to scale up your startup in the next three to five years?', '\"If you are going to use a passage of Lorem Ipsum, you need to be sure there isn\'t anything embarrassing hidden in the middle of text. \"', 'startupScaling', 'null', 'text'),
(814, 19, '26. Can you please explain the startup revenue model?', '\"If you are going to use a passage of Lorem Ipsum, you need to be sure there isn\'t anything embarrassing hidden in the middle of text. \"', 'revenueModel', 'null', 'text'),
(815, 19, 'Metric 1', '\"B\"', 'metric1', 'null', 'text'),
(816, 19, 'Metric 2', '\"A\"', 'metric2', 'null', 'text'),
(817, 19, 'Metric 3', '\"C\"', 'metric3', 'null', 'text'),
(818, 19, 'Metric 4', '\"D\"', 'metric4', 'null', 'text'),
(819, 19, '27. Any recognition or rewards received by the startup? (Yes/No) If yes, please explain', '\"No\"', 'recognitionOrRewards', 'null', 'text'),
(820, 19, 'Expense Bracket', '\"123456\"', 'expenseBracket', 'null', 'text'),
(821, 19, 'Expense Amount', '\"1234\"', 'expenseAmount', 'null', 'number'),
(822, 19, 'Planned Deployment Start Date', '\"2023-11-08\"', 'deploymentStartDate', 'null', 'date'),
(823, 19, 'Planned Deployment End Date', '\"2024-05-30\"', 'deploymentEndDate', 'null', 'date'),
(824, 19, '28. Has your startup received any funding? (Yes/No)', '\"NO\"', 'fundingReceived', '[{\"label\":\"Yes\",\"key\":\"YES\"},{\"label\":\"No\",\"key\":\"NO\"}]', 'dropdown'),
(825, 19, '29. Please provide funding details relating to the below:', '\"NA\"', 'fundingDetailsInfo', 'null', 'text'),
(826, 19, '30. Does the startup have any intellectual property rights? If yes, please explain', '\"Yes, If you are going to use a passage of Lorem Ipsum, you need to be sure there isn\'t anything embarrassing hidden in the middle of text.\"', 'ipRights', 'null', 'text'),
(827, 19, 'Founder information', '\"Founder is from IIIT\"', 'customQuestion1', 'null', 'text'),
(828, 19, '', 'null', 'customQuestion2', 'null', 'text'),
(829, 19, '', 'null', 'customQuestion3', 'null', 'text'),
(830, 19, 'i) Amount Raised', '\"3228\"', 'amountRaised', 'null', 'number'),
(831, 19, 'ii) Date of Raise', '\"2023-11-29\"', 'dateOfRaise', 'null', 'date'),
(832, 19, 'iii) % Stake Diluted', '\"20\"', 'stakeDiluted', 'null', 'number'),
(833, 19, 'iv) Investor Information', '\"If you are going to use a passage of Lorem Ipsum, you need to be sure there isn\'t anything embarrassing hidden in the middle of text. \"', 'investorInfo', 'null', 'text'),
(834, 19, 'v) Valuation [pre money]', '\"3214\"', 'valuation', 'null', 'number'),
(835, 20, '1. Startup Name as per Incorporation', 'null', 'startupName', 'null', 'text'),
(836, 20, '2. Please provide the company Logo', 'null', 'companyLogo', 'null', 'startup_logo'),
(837, 20, '3. Provide a brief summarized paragraph about your startup', 'null', 'summarizedParagraph', 'null', 'text'),
(838, 20, '4. Registered Address', 'null', 'registeredAddress', 'null', 'text'),
(839, 20, '5. Company Identification Number (CIN)', 'null', 'cin', 'null', 'text'),
(840, 20, '6. Incorporation Date', 'null', 'incorporationDate', 'null', 'date'),
(841, 20, '7. Number of Employees', 'null', 'numEmployees', 'null', 'number'),
(842, 20, 'a. Full-time employees?', 'null', 'fullTimeEmployees', 'null', 'number'),
(843, 20, 'b. Part-time employees?', 'null', 'partTimeEmployees', 'null', 'number'),
(844, 20, '9. Upload Founder Photos', 'null', 'founderPhotos', 'null', 'images'),
(845, 20, '9. Upload Biographies of the Founders', 'null', 'founderBiographies', 'null', 'files'),
(846, 20, '10. LinkedIn Profiles of Founders', 'null', 'founderLinkedInProfiles', 'null', 'text'),
(847, 20, '11. Upload Aadhar Card', 'null', 'aadharCard', 'null', 'file'),
(848, 20, '12. Upload Pan Card', 'null', 'panCard', 'null', 'file'),
(849, 20, '13. If applicable, provide a link to your startup’s mobile application', 'null', 'mobileAppLink', 'null', 'text'),
(850, 20, '14. If applicable, provide a link to your website', 'null', 'websiteLink', 'null', 'text'),
(851, 20, '15. LinkedIn website of Company', 'null', 'linkedinCompanyWebsite', 'null', 'text'),
(852, 20, '16. Elevator pitch - 90 seconds', 'null', 'elevatorPitch', 'null', 'video'),
(853, 20, '17. Stage of the startup', 'null', 'stageOfStartup', '[{\"label\":\"IDEATION\",\"key\":\"IDEATION\"},{\"label\":\"PROTOTYPING\",\"key\":\"PROTOTYPING\"},{\"label\":\"MINIMUM VIABLE PRODUCT (MVP)\",\"key\":\"MVP\"},{\"label\":\"PRODUCT MARKET FIT (PMF)\",\"key\":\"PMF\"}]', 'dropdown'),
(854, 20, '18. Please define the nature of your startup', 'null', 'startupNature', '[{\"label\":\"INNOVATIVE AND SCALABLE\",\"key\":\"IAS\"},{\"label\":\"ONLY INNOVATIVE\",\"key\":\"INNOVATIVE\"},{\"label\":\"ONLY SCALABLE\",\"key\":\"SCALABLE\"}]', 'dropdown'),
(855, 20, '19. What problem does the startup aim to solve?', 'null', 'problemToSolve', 'null', 'text'),
(856, 20, '20. Please explain the value proposition that the startup envisions providing to its customers', 'null', 'valueProposition', 'null', 'text'),
(857, 20, '21. What is the uniqueness of the solution?', 'null', 'uniquenessOfSolution', 'null', 'text'),
(858, 20, '22. Please explain the unique selling points of your startup and its products/services', 'null', 'uniqueSellingPoints', 'null', 'text'),
(859, 20, '23. Please state and explain the target customer segment your startup is focusing on', 'null', 'targetCustomerSegment', 'null', 'text'),
(860, 20, '24. Provide information about your key competitors in the business', 'null', 'keyCompetitors', 'null', 'text'),
(861, 20, '25. How do you plan to scale up your startup in the next three to five years?', 'null', 'startupScaling', 'null', 'text'),
(862, 20, '26. Can you please explain the startup revenue model?', 'null', 'revenueModel', 'null', 'text'),
(863, 20, 'Metric 1', 'null', 'metric1', 'null', 'text'),
(864, 20, 'Metric 2', 'null', 'metric2', 'null', 'text'),
(865, 20, 'Metric 3', 'null', 'metric3', 'null', 'text'),
(866, 20, 'Metric 4', 'null', 'metric4', 'null', 'text'),
(867, 20, '27. Any recognition or rewards received by the startup? (Yes/No) If yes, please explain', 'null', 'recognitionOrRewards', 'null', 'text'),
(868, 20, 'Expense Bracket', 'null', 'expenseBracket', 'null', 'text'),
(869, 20, 'Expense Amount', 'null', 'expenseAmount', 'null', 'number'),
(870, 20, 'Planned Deployment Start Date', 'null', 'deploymentStartDate', 'null', 'date'),
(871, 20, 'Planned Deployment End Date', 'null', 'deploymentEndDate', 'null', 'date'),
(872, 20, '28. Has your startup received any funding? (Yes/No)', 'null', 'fundingReceived', '[{\"label\":\"Yes\",\"key\":\"YES\"},{\"label\":\"No\",\"key\":\"NO\"}]', 'dropdown'),
(873, 20, '29. Please provide funding details relating to the below:', 'null', 'fundingDetailsInfo', 'null', 'text'),
(874, 20, '30. Does the startup have any intellectual property rights? If yes, please explain', 'null', 'ipRights', 'null', 'text'),
(875, 20, '', 'null', 'customQuestion1', 'null', 'text'),
(876, 20, '', 'null', 'customQuestion2', 'null', 'text'),
(877, 20, '', 'null', 'customQuestion3', 'null', 'text'),
(878, 20, 'i) Amount Raised', 'null', 'amountRaised', 'null', 'number'),
(879, 20, 'ii) Date of Raise', 'null', 'dateOfRaise', 'null', 'date'),
(880, 20, 'iii) % Stake Diluted', 'null', 'stakeDiluted', 'null', 'number'),
(881, 20, 'iv) Investor Information', 'null', 'investorInfo', 'null', 'text'),
(882, 20, 'v) Valuation [pre money]', 'null', 'valuation', 'null', 'number'),
(883, 21, '1. Startup Name as per Incorporation', 'null', 'startupName', 'null', 'text'),
(884, 21, '2. Please provide the company Logo', 'null', 'companyLogo', 'null', 'startup_logo'),
(885, 21, '3. Provide a brief summarized paragraph about your startup', 'null', 'summarizedParagraph', 'null', 'text'),
(886, 21, '4. Registered Address', 'null', 'registeredAddress', 'null', 'text'),
(887, 21, '5. Company Identification Number (CIN)', 'null', 'cin', 'null', 'text'),
(888, 21, '6. Incorporation Date', 'null', 'incorporationDate', 'null', 'date'),
(889, 21, '7. Number of Employees', 'null', 'numEmployees', 'null', 'number'),
(890, 21, 'a. Full-time employees?', 'null', 'fullTimeEmployees', 'null', 'number'),
(891, 21, 'b. Part-time employees?', 'null', 'partTimeEmployees', 'null', 'number'),
(892, 21, '9. Upload Founder Photos', 'null', 'founderPhotos', 'null', 'images'),
(893, 21, '9. Upload Biographies of the Founders', 'null', 'founderBiographies', 'null', 'files'),
(894, 21, '10. LinkedIn Profiles of Founders', 'null', 'founderLinkedInProfiles', 'null', 'text'),
(895, 21, '11. Upload Aadhar Card', 'null', 'aadharCard', 'null', 'file'),
(896, 21, '12. Upload Pan Card', 'null', 'panCard', 'null', 'file'),
(897, 21, '13. If applicable, provide a link to your startup’s mobile application', 'null', 'mobileAppLink', 'null', 'text'),
(898, 21, '14. If applicable, provide a link to your website', 'null', 'websiteLink', 'null', 'text'),
(899, 21, '15. LinkedIn website of Company', 'null', 'linkedinCompanyWebsite', 'null', 'text'),
(900, 21, '16. Elevator pitch - 90 seconds', 'null', 'elevatorPitch', 'null', 'video'),
(901, 21, '17. Stage of the startup', 'null', 'stageOfStartup', '[{\"label\":\"IDEATION\",\"key\":\"IDEATION\"},{\"label\":\"PROTOTYPING\",\"key\":\"PROTOTYPING\"},{\"label\":\"MINIMUM VIABLE PRODUCT (MVP)\",\"key\":\"MVP\"},{\"label\":\"PRODUCT MARKET FIT (PMF)\",\"key\":\"PMF\"}]', 'dropdown'),
(902, 21, '18. Please define the nature of your startup', 'null', 'startupNature', '[{\"label\":\"INNOVATIVE AND SCALABLE\",\"key\":\"IAS\"},{\"label\":\"ONLY INNOVATIVE\",\"key\":\"INNOVATIVE\"},{\"label\":\"ONLY SCALABLE\",\"key\":\"SCALABLE\"}]', 'dropdown'),
(903, 21, '19. What problem does the startup aim to solve?', 'null', 'problemToSolve', 'null', 'text'),
(904, 21, '20. Please explain the value proposition that the startup envisions providing to its customers', 'null', 'valueProposition', 'null', 'text'),
(905, 21, '21. What is the uniqueness of the solution?', 'null', 'uniquenessOfSolution', 'null', 'text'),
(906, 21, '22. Please explain the unique selling points of your startup and its products/services', 'null', 'uniqueSellingPoints', 'null', 'text'),
(907, 21, '23. Please state and explain the target customer segment your startup is focusing on', 'null', 'targetCustomerSegment', 'null', 'text'),
(908, 21, '24. Provide information about your key competitors in the business', 'null', 'keyCompetitors', 'null', 'text'),
(909, 21, '25. How do you plan to scale up your startup in the next three to five years?', 'null', 'startupScaling', 'null', 'text'),
(910, 21, '26. Can you please explain the startup revenue model?', 'null', 'revenueModel', 'null', 'text'),
(911, 21, 'Metric 1', 'null', 'metric1', 'null', 'text'),
(912, 21, 'Metric 2', 'null', 'metric2', 'null', 'text'),
(913, 21, 'Metric 3', 'null', 'metric3', 'null', 'text'),
(914, 21, 'Metric 4', 'null', 'metric4', 'null', 'text'),
(915, 21, '27. Any recognition or rewards received by the startup? (Yes/No) If yes, please explain', 'null', 'recognitionOrRewards', 'null', 'text'),
(916, 21, 'Expense Bracket', 'null', 'expenseBracket', 'null', 'text'),
(917, 21, 'Expense Amount', 'null', 'expenseAmount', 'null', 'number'),
(918, 21, 'Planned Deployment Start Date', 'null', 'deploymentStartDate', 'null', 'date'),
(919, 21, 'Planned Deployment End Date', 'null', 'deploymentEndDate', 'null', 'date'),
(920, 21, '28. Has your startup received any funding? (Yes/No)', 'null', 'fundingReceived', '[{\"label\":\"Yes\",\"key\":\"YES\"},{\"label\":\"No\",\"key\":\"NO\"}]', 'dropdown'),
(921, 21, '29. Please provide funding details relating to the below:', 'null', 'fundingDetailsInfo', 'null', 'text'),
(922, 21, '30. Does the startup have any intellectual property rights? If yes, please explain', 'null', 'ipRights', 'null', 'text'),
(923, 21, 'Give me more details about founder details', 'null', 'customQuestion1', 'null', 'text'),
(924, 21, '', 'null', 'customQuestion2', 'null', 'text'),
(925, 21, '', 'null', 'customQuestion3', 'null', 'text'),
(926, 21, 'i) Amount Raised', 'null', 'amountRaised', 'null', 'number'),
(927, 21, 'ii) Date of Raise', 'null', 'dateOfRaise', 'null', 'date'),
(928, 21, 'iii) % Stake Diluted', 'null', 'stakeDiluted', 'null', 'number'),
(929, 21, 'iv) Investor Information', 'null', 'investorInfo', 'null', 'text'),
(930, 21, 'v) Valuation [pre money]', 'null', 'valuation', 'null', 'number');

INSERT INTO `startup_documents` (`id`, `startup_id`, `document_name`, `document_size`, `document_format`, `is_signature_required`, `is_requested`, `document_url`, `is_deleted`, `is_approved`, `is_onboarding`, `status`) VALUES
(11, 8, 'file-sample_1MB.doc', '1003.00 KB', 'application/msword', 1, 0, '/Users/lavanya/incubator/api/uploads/file-1696417940232-593134820.doc', 0, 0, 1, 'PENDING'),
(12, 8, 'HowOpenIsIt_English.pdf', '817.78 KB', 'application/pdf', 0, 0, '/Users/lavanya/incubator/api/uploads/file-1696417946008-874465670.pdf', 0, 0, 1, 'PENDING'),
(13, 8, 'SSC Memo', '', '', 0, 1, '', 0, 0, 1, 'PENDING'),
(14, 9, 'Portable-Document-Format-Specifications.pdf', '75.83 KB', 'application/pdf', 1, 0, '/Users/lavanya/incubator/api/uploads/file-1696418218840-117622488.pdf', 0, 0, 1, 'PENDING'),
(15, 9, 'Upoload a new doc', '98.00 KB', 'application/msword', 0, 1, '/Users/lavanya/incubator/api/uploads/file-1696419402162-81508674.doc', 0, 0, 1, 'PENDING'),
(16, 9, 'HowOpenIsIt_English.pdf', '817.78 KB', 'application/pdf', 0, 0, '/Users/lavanya/incubator/api/uploads/file-1696419757583-308531743.pdf', 0, 0, 0, 'PENDING'),
(17, 9, 'Portable-Document-Format-Specifications.pdf', '75.83 KB', 'application/pdf', 0, 0, '/Users/lavanya/incubator/api/uploads/file-1696419762011-361772183.pdf', 0, 0, 0, 'PENDING'),
(18, 9, 'How-to-open-pdf-forms-in-chrome.pdf', '458.32 KB', 'application/pdf', 0, 0, '/Users/lavanya/incubator/api/uploads/file-1696419772404-563685001.pdf', 0, 1, 0, 'APPROVED'),
(19, 11, 'file-sample_1MB.doc', '1003.00 KB', 'application/msword', 1, 0, '/Users/lavanya/incubator/api/uploads/file-1696426599958-370470205.doc', 0, 0, 1, 'PENDING'),
(20, 11, 'Mom', '817.78 KB', 'application/pdf', 0, 1, '/Users/lavanya/incubator/api/uploads/file-1696427324629-999130903.pdf', 0, 0, 1, 'PENDING'),
(21, 11, 'file-sample_100kB.doc', '98.00 KB', 'application/msword', 0, 0, '/Users/lavanya/incubator/api/uploads/file-1696427820101-381425839.doc', 0, 1, 0, 'APPROVED'),
(22, 14, 'file-sample_500kB.doc', '491.50 KB', 'application/msword', 1, 0, '/Users/lavanya/incubator/api/uploads/file-1696951678999-592821279.doc', 0, 0, 1, 'PENDING'),
(23, 14, 'Requesting 1', '491.50 KB', 'application/msword', 0, 1, '/Users/lavanya/incubator/api/uploads/file-1696952941661-829256996.doc', 0, 0, 1, 'PENDING'),
(26, 14, 'file-sample_100kB.doc', '98.00 KB', 'application/msword', 0, 0, '/Users/lavanya/incubator/api/uploads/file-1699078169888-72060548.doc', 0, 1, 0, 'APPROVED'),
(27, 14, 'file-sample_100kB.doc', '98.00 KB', 'application/msword', 0, 0, '/Users/lavanya/incubator/api/uploads/file-1699078197414-335209040.doc', 0, 1, 0, 'APPROVED'),
(28, 14, 'file-sample_500kB.doc', '491.50 KB', 'application/msword', 0, 0, '/Users/lavanya/incubator/api/uploads/file-1699078214321-612354262.doc', 0, 0, 0, 'REJECTED'),
(31, 19, 'file-sample_100kB.doc', '98.00 KB', 'application/msword', 1, 0, '/Users/lavanya/incubator/api/uploads/file-1699543628944-713487039.doc', 0, 0, 1, 'PENDING'),
(32, 19, 'MOM doc', '98.00 KB', 'application/msword', 0, 1, '/Users/lavanya/incubator/api/uploads/file-1700807737642-152388975.doc', 0, 0, 1, 'PENDING'),
(33, 19, 'file-sample_100kB.doc', '98.00 KB', 'application/msword', 0, 0, '/Users/lavanya/incubator/api/uploads/file-1699546714892-282945948.doc', 0, 1, 0, 'APPROVED'),
(34, 14, 'file-sample_100kB.doc', '98.00 KB', 'application/msword', 0, 0, '/Users/lavanya/incubator/api/uploads/file-1701709866161-436634724.doc', 0, 0, 0, 'REJECTED'),
(35, 14, 'file-sample_100kB.doc', '98.00 KB', 'application/msword', 0, 0, '/Users/lavanya/incubator/api/uploads/file-1701710445635-436914306.doc', 0, 0, 0, 'APPROVED'),
(36, 14, 'file-sample_100kB.doc', '98.00 KB', 'application/msword', 0, 0, '/Users/lavanya/incubator/api/uploads/file-1701710620083-563622280.doc', 0, 0, 0, 'PENDING'),
(37, 14, 'file-sample_100kB.doc', '98.00 KB', 'application/msword', 0, 0, '/Users/lavanya/incubator/api/uploads/file-1701884246643-98299606.doc', 0, 0, 0, 'REJECTED'),
(38, 14, 'file-sample_100kB.doc', '98.00 KB', 'application/msword', 0, 0, '/Users/lavanya/incubator/api/uploads/file-1701884264600-826171234.doc', 0, 0, 0, 'PENDING'),
(39, 14, 'file-sample_100kB.doc', '98.00 KB', 'application/msword', 0, 0, '/Users/lavanya/incubator/api/uploads/file-1702019249287-121274410.doc', 0, 0, 0, 'PENDING');

INSERT INTO `startup_founders` (`id`, `email`, `password`, `phone_number`, `role`, `designation`, `startup_id`, `name`, `token`) VALUES
(3, 'amu@yopmail.com', '$2a$10$nghoQnN3jQ274KQ5w9QCFOL3UY9RaLWShkwow3zkgng.FD5NXQBxS', '21345678', 'startup_founder', 'CTO', 3, 'Test cto', NULL),
(8, 'a@yopmail.com', '$2a$10$bvYiwoqu802uUfTrckOQkefp07xJwuciAGhlOCTEBZdDFOb7gR0xS', '9876543211', 'startup_founder', 'COO', 8, 'Amu', NULL),
(9, 'li@yopmail.com', '$2a$10$GQLthSlHBsmmmie35E.IxOkPySovkp/Tgz4aVRlK/n8O3mo0HNoQO', '9876543211', 'startup_founder', 'CEO', 9, 'Likku', NULL),
(10, 'g@yopmail.com', '$2a$10$/l/gxOG0rlcbh/GwPf9xJ.qibzh/lbXeqigl3KUItIZi8MfvbvDty', '987654321', 'startup_founder', 'COO', 9, 'Grandhi', NULL),
(11, 'wee@yopmail.com', '$2a$10$TryggnI0XGmlpnYbTo/NiO.y4kNb5GzNeiuDerNoBXSOOQ.q./kgO', '987654321', 'startup_founder', 'COO', 10, 'wuq', NULL),
(12, 'amr@yopmail.com', '$2a$10$r7OjJQmkU.BBJEJ.Yq0KSO5wn5NhDGro5imcE1M4kktzsMGyL5lGK', '9876543211', 'startup_founder', 'COO', 11, 'Amruth', NULL),
(13, 'w354e6r789@yopmail.com', '$2a$10$ASGV9WO76N62ogXyzn8oeul7h2h6H32ejxL9s.7TSAS/IGoHzdaLa', '8765432199', 'startup_founder', 'a', 12, 'a', NULL),
(14, '123er@yopmail.com', '$2a$10$lx9RwVDpH1MbjD13NylV9OcwhbZNS9FhXs9apkGja4oapKDkbyeGS', '9654321', 'startup_founder', '234r', 13, '`123', NULL),
(15, 'serdtfygui@yopmail.com', '$2a$10$XaDeKvnUd9PVVtcxqMVB7O3zRWB1F6ZJwtTEqm31kdiC/3xnuQ4LW', '987654321', 'startup_founder', 'tfgyuh', 13, 'fcghjk', NULL),
(16, 'dgrftgh@yopmail.com', '$2a$10$/d9gZzfANLVEub12z7bqnuAby2hxydw/IiSAO77SaY/OLUIUs/urm', '123456789', 'startup_founder', 'edrftgyhuijl', 13, 'setdrfyguhkj', NULL),
(17, 'lavanyasf@yopmail.com', '$2a$10$mzwuhkElQhuHZ3nJ1AOem.gfOEAwdkQr5Gd76FSKTQ1B5iIm4r4Oq', '9876543212', 'startup_founder', 'CAO', 14, 'Lavanya  diana', '{\"tokens\":{\"access_token\":\"ya29.a0AfB_byA0BJTaEpkh1Y-v-svMRl3jfz07ibnGUjpU3LSwXcc7GigeqNjaYnf226I7h2liaAGOXU96UMpDXjK6T8auxtFtPSlg-hwcdxACQjWFo_KGBKcbJsKiyYk_7egvxBDrKxcenLigVF5ka30dAQk83IB_6qkUPJRNaCgYKAcMSARISFQHGX2MiVe2jtKh7WYuqDA8hCt7fRQ0171\",\"refresh_token\":\"1//0gPxi_u8T7KXkCgYIARAAGBASNwF-L9IroLYXauf_lwFYRzqV71r_v1r5tJQSGjypQ1z_sF7AprpcSpR0eofT_uUluWyfJxPirMk\",\"scope\":\"https://www.googleapis.com/auth/calendar.events\",\"token_type\":\"Bearer\",\"expiry_date\":1706296239310},\"res\":{\"config\":{\"method\":\"POST\",\"url\":\"https://oauth2.googleapis.com/token\",\"data\":\"code=4%2F0AfJohXkoAvUqEyoGjxJXOH0LSPmnAdsD1c7v8Os5JnCSxbdLOoapo9Vg-Zaa4fDKJPvYvg&client_id=435073120598-qeggl5r34fgme2aq2cjhcc0rds7ecnp2.apps.googleusercontent.com&client_secret=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&redirect_uri=http%3A%2F%2Flocalhost%3A3000&grant_type=authorization_code&code_verifier=\",\"headers\":{\"Content-Type\":\"application/x-www-form-urlencoded\",\"User-Agent\":\"google-api-nodejs-client/9.5.0\",\"x-goog-api-client\":\"gl-node/18.18.0\"},\"body\":\"code=4%2F0AfJohXkoAvUqEyoGjxJXOH0LSPmnAdsD1c7v8Os5JnCSxbdLOoapo9Vg-Zaa4fDKJPvYvg&client_id=435073120598-qeggl5r34fgme2aq2cjhcc0rds7ecnp2.apps.googleusercontent.com&client_secret=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&redirect_uri=http%3A%2F%2Flocalhost%3A3000&grant_type=authorization_code&code_verifier=\",\"responseType\":\"unknown\"},\"data\":{\"access_token\":\"ya29.a0AfB_byA0BJTaEpkh1Y-v-svMRl3jfz07ibnGUjpU3LSwXcc7GigeqNjaYnf226I7h2liaAGOXU96UMpDXjK6T8auxtFtPSlg-hwcdxACQjWFo_KGBKcbJsKiyYk_7egvxBDrKxcenLigVF5ka30dAQk83IB_6qkUPJRNaCgYKAcMSARISFQHGX2MiVe2jtKh7WYuqDA8hCt7fRQ0171\",\"refresh_token\":\"1//0gPxi_u8T7KXkCgYIARAAGBASNwF-L9IroLYXauf_lwFYRzqV71r_v1r5tJQSGjypQ1z_sF7AprpcSpR0eofT_uUluWyfJxPirMk\",\"scope\":\"https://www.googleapis.com/auth/calendar.events\",\"token_type\":\"Bearer\",\"expiry_date\":1706296239310},\"headers\":{\"alt-svc\":\"h3=\\\":443\\\"; ma=2592000,h3-29=\\\":443\\\"; ma=2592000\",\"cache-control\":\"no-cache, no-store, max-age=0, must-revalidate\",\"connection\":\"close\",\"content-encoding\":\"gzip\",\"content-type\":\"application/json; charset=utf-8\",\"date\":\"Fri, 26 Jan 2024 18:10:40 GMT\",\"expires\":\"Mon, 01 Jan 1990 00:00:00 GMT\",\"pragma\":\"no-cache\",\"server\":\"scaffolding on HTTPServer2\",\"transfer-encoding\":\"chunked\",\"vary\":\"Origin, X-Origin, Referer\",\"x-content-type-options\":\"nosniff\",\"x-frame-options\":\"SAMEORIGIN\",\"x-xss-protection\":\"0\"},\"status\":200,\"statusText\":\"OK\",\"request\":{\"responseURL\":\"https://oauth2.googleapis.com/token\"}}}'),
(18, 'laaa@yopmail.com', '$2a$10$RGdKS.CYpIpNGE96LUauoeE9N7yQBFU1cMe1Ibc3hQJMdDbs7s37i', '9876543', 'startup_founder', 'd', 15, 'qqw', NULL),
(22, 'lavanyak@yopmail.com', '$2a$10$lhnn1TSuqJ7lbNQ.tzOShe.PFnuamrXT/CrN5XVJ/iD2Yt/G5Dw8i', '9876532123', 'startup_founder', 'COO', 19, 'Lavanya Fou', NULL);

INSERT INTO `startups` (`id`, `name`, `dpiit_number`, `industry`, `referral_code`, `status`, `reject_message`, `logo`, `created_at`) VALUES
(3, 'CyberGuard Solutions', '123456', 'Cybersecurity', '1234567890', 'REJECTED', 'No questions answered properly', '/Users/lavanya/incubator/api/uploads/45678u.png', '2020-06-10 23:39:08'),
(8, 'SpaceTech Explorations', 'ADI987654', 'Space', 'A48475HBOY', 'PENDING', '', '/Users/lavanya/incubator/api/uploads/56r7tyu.png', '2023-05-18 23:39:08'),
(9, 'HealthTech Innovators', 'ASSDJ675441', 'Healthcare', '1R222GMSXG', 'SUBMITTED', '', '/Users/lavanya/incubator/api/uploads/5r67.jpeg', '2023-07-06 23:39:08'),
(10, 'GreenTech Solutions', 'SQGDH123456', 'Environmental', 'T846Z7RS9K', 'PENDING', '', '/Users/lavanya/incubator/api/uploads/21345.png', '2022-03-05 23:39:08'),
(11, 'FoodieTech', 'ASFT123', 'Food', 'IIXXCPQPS2', 'APPROVED', '', '/Users/lavanya/incubator/api/uploads/234.jpeg', '2023-10-10 23:39:08'),
(12, 'AI-driven Analytics', 'ASDYU1', 'Artificial Intelligence', 'V3XCIXBY4Q', 'PENDING', '', '/Users/lavanya/incubator/api/uploads/qe.jpeg', '2023-10-10 23:39:08'),
(13, 'EduHub Connect', 'ASDFGH12234', 'Education', 'JQTDCZ6JIL', 'PENDING', '', '/Users/lavanya/incubator/api/uploads/23434.png', '2023-10-10 23:39:08'),
(14, 'CleanEnergy Dynamics', 'AWEF987654', 'Clean Energy', 'OU28HGG213', 'APPROVED', '', '/Users/lavanya/incubator/api/uploads/qe.jpeg', '2021-10-10 23:39:08'),
(15, 'FinTech Fusion', 'DIPP123456', 'Airport Operations', 'SCGFB4P7YE', 'PENDING', '', '/Users/lavanya/incubator/api/uploads/123.jpeg', '2021-10-10 23:39:08'),
(19, 'Twiliooo', 'ASGFH1', 'Food', 'X5OQOLYGJM', 'SUBMITTED', '', '/Users/lavanya/incubator/api/uploads/file-1699546163196-890154468.jpeg', '2023-11-09 20:58:47');

INSERT INTO `time_periods` (`id`, `quarter`, `fyear`, `months`, `year`) VALUES
(1, 'Q4 (Jan - Mar)', 2023, '[1, 2, 3]', 2023),
(2, 'Q1 (Apr - June)', 2023, '[4, 5, 6]', 2022),
(3, 'Q2 (July - Sept)', 2023, '[7, 8, 9]', 2022),
(4, 'Q3 (Oct - Dec)', 2023, '[10, 11, 12]', 2022),
(5, 'Q4 (Jan - Mar)', 2022, '[1, 2, 3]', 2022),
(6, 'Q1 (Apr - June)', 2022, '[4, 5, 6]', 2021),
(7, 'Q2 (July - Sept)', 2022, '[7, 8, 9]', 2021),
(8, 'Q3 (Oct - Dec)', 2022, '[10, 11, 12]', 2021),
(9, 'Q4 (Jan - Mar)', 2021, '[1, 2, 3]', 2021),
(10, 'Q1 (Apr - June)', 2021, '[4, 5, 6]', 2020),
(11, 'Q2 (July - Sept)', 2021, '[7, 8, 9]', 2020),
(12, 'Q3 (Oct - Dec)', 2021, '[10, 11, 12]', 2020),
(13, 'Q1 (Apr - June)', 2024, '[4, 5, 6]', 2023),
(14, 'Q2 (July - Sept)', 2024, '[7, 8, 9]', 2023),
(15, 'Q3 (Oct - Dec)', 2024, '[10, 11, 12]', 2023),
(16, 'Q4 (Jan - Mar)', 2024, '[1, 2, 3]', 2024);



/*!40101 SET SQL_MODE=@OLD_SQL_MODE */;
/*!40014 SET FOREIGN_KEY_CHECKS=@OLD_FOREIGN_KEY_CHECKS */;
/*!40014 SET UNIQUE_CHECKS=@OLD_UNIQUE_CHECKS */;
/*!40101 SET CHARACTER_SET_CLIENT=@OLD_CHARACTER_SET_CLIENT */;
/*!40101 SET CHARACTER_SET_RESULTS=@OLD_CHARACTER_SET_RESULTS */;
/*!40101 SET COLLATION_CONNECTION=@OLD_COLLATION_CONNECTION */;
/*!40111 SET SQL_NOTES=@OLD_SQL_NOTES */;